model,behaviour,domain,language,pooling,layer,mean_cosine_distance,mean_cosine_similarity,n_pairs
Qwen2.5-1.5B,agreement_bias,education_general_knowledge,en,last_token,0,0.0,1.0,2
Qwen2.5-1.5B,agreement_bias,education_general_knowledge,en,last_token,1,0.0073161193829359705,0.992683880617064,2
Qwen2.5-1.5B,agreement_bias,education_general_knowledge,en,last_token,2,0.01409160320072228,0.9859083967992777,2
Qwen2.5-1.5B,agreement_bias,education_general_knowledge,en,last_token,3,0.014799669439905794,0.9852003305600943,2
Qwen2.5-1.5B,agreement_bias,education_general_knowledge,en,last_token,4,0.03175759056142824,0.9682424094385718,2
Qwen2.5-1.5B,agreement_bias,education_general_knowledge,en,last_token,5,0.03423647060543461,0.9657635293945654,2
Qwen2.5-1.5B,agreement_bias,education_general_knowledge,en,last_token,6,0.02433524049172392,0.9756647595082761,2
Qwen2.5-1.5B,agreement_bias,education_general_knowledge,en,last_token,7,0.024074434997491845,0.9759255650025082,2
Qwen2.5-1.5B,agreement_bias,education_general_knowledge,en,last_token,8,0.033386243911907754,0.9666137560880923,2
Qwen2.5-1.5B,agreement_bias,education_general_knowledge,en,last_token,9,0.04936712341311672,0.9506328765868832,2
Qwen2.5-1.5B,agreement_bias,education_general_knowledge,en,last_token,10,0.06385576023938866,0.9361442397606113,2
Qwen2.5-1.5B,agreement_bias,education_general_knowledge,en,last_token,11,0.06530415305558723,0.9346958469444128,2
Qwen2.5-1.5B,agreement_bias,education_general_knowledge,en,last_token,12,0.05992083955967431,0.9400791604403257,2
Qwen2.5-1.5B,agreement_bias,education_general_knowledge,en,last_token,13,0.055773642679304625,0.9442263573206954,2
Qwen2.5-1.5B,agreement_bias,education_general_knowledge,en,last_token,14,0.0885005903830019,0.9114994096169982,2
Qwen2.5-1.5B,agreement_bias,education_general_knowledge,en,last_token,15,0.07575933095037812,0.9242406690496219,2
Qwen2.5-1.5B,agreement_bias,education_general_knowledge,en,last_token,16,0.08728446865708767,0.9127155313429123,2
Qwen2.5-1.5B,agreement_bias,education_general_knowledge,en,last_token,17,0.1053894869604175,0.8946105130395825,2
Qwen2.5-1.5B,agreement_bias,education_general_knowledge,en,last_token,18,0.11043927225019434,0.8895607277498057,2
Qwen2.5-1.5B,agreement_bias,education_general_knowledge,en,last_token,19,0.11054579323987695,0.889454206760123,2
Qwen2.5-1.5B,agreement_bias,education_general_knowledge,en,last_token,20,0.10692267241792058,0.8930773275820794,2
Qwen2.5-1.5B,agreement_bias,education_general_knowledge,en,last_token,21,0.17042824974735366,0.8295717502526463,2
Qwen2.5-1.5B,agreement_bias,education_general_knowledge,en,last_token,22,0.1761978601861307,0.8238021398138693,2
Qwen2.5-1.5B,agreement_bias,education_general_knowledge,en,last_token,23,0.18268358602262796,0.8173164139773721,2
Qwen2.5-1.5B,agreement_bias,education_general_knowledge,en,last_token,24,0.15016781780889188,0.8498321821911081,2
Qwen2.5-1.5B,agreement_bias,education_general_knowledge,en,last_token,25,0.15245159857158175,0.8475484014284183,2
Qwen2.5-1.5B,agreement_bias,education_general_knowledge,en,last_token,26,0.11478139084769506,0.8852186091523049,2
Qwen2.5-1.5B,agreement_bias,education_general_knowledge,en,last_token,27,0.08369310533319418,0.9163068946668058,2
Qwen2.5-1.5B,agreement_bias,education_general_knowledge,en,last_token,28,0.12427417003684854,0.8757258299631514,2
Qwen2.5-1.5B,agreement_bias,education_general_knowledge,en,mean_pooled,0,0.22325302276494918,0.7767469772350508,2
Qwen2.5-1.5B,agreement_bias,education_general_knowledge,en,mean_pooled,1,0.18487677281353687,0.8151232271864631,2
Qwen2.5-1.5B,agreement_bias,education_general_knowledge,en,mean_pooled,2,0.11200810303724873,0.8879918969627513,2
Qwen2.5-1.5B,agreement_bias,education_general_knowledge,en,mean_pooled,3,0.12943843553719336,0.8705615644628066,2
Qwen2.5-1.5B,agreement_bias,education_general_knowledge,en,mean_pooled,4,0.1343056378643227,0.8656943621356773,2
Qwen2.5-1.5B,agreement_bias,education_general_knowledge,en,mean_pooled,5,0.1407057989708132,0.8592942010291869,2
Qwen2.5-1.5B,agreement_bias,education_general_knowledge,en,mean_pooled,6,0.11499873815803535,0.8850012618419647,2
Qwen2.5-1.5B,agreement_bias,education_general_knowledge,en,mean_pooled,7,0.10276296230918591,0.8972370376908141,2
Qwen2.5-1.5B,agreement_bias,education_general_knowledge,en,mean_pooled,8,0.10510283316418528,0.8948971668358148,2
Qwen2.5-1.5B,agreement_bias,education_general_knowledge,en,mean_pooled,9,0.11868556499865712,0.8813144350013429,2
Qwen2.5-1.5B,agreement_bias,education_general_knowledge,en,mean_pooled,10,0.11874984946743117,0.8812501505325688,2
Qwen2.5-1.5B,agreement_bias,education_general_knowledge,en,mean_pooled,11,0.11597312586782232,0.8840268741321777,2
Qwen2.5-1.5B,agreement_bias,education_general_knowledge,en,mean_pooled,12,0.10632431767257233,0.8936756823274277,2
Qwen2.5-1.5B,agreement_bias,education_general_knowledge,en,mean_pooled,13,0.11006929917456693,0.8899307008254331,2
Qwen2.5-1.5B,agreement_bias,education_general_knowledge,en,mean_pooled,14,0.10840855256947435,0.8915914474305257,2
Qwen2.5-1.5B,agreement_bias,education_general_knowledge,en,mean_pooled,15,0.1101753358732232,0.8898246641267769,2
Qwen2.5-1.5B,agreement_bias,education_general_knowledge,en,mean_pooled,16,0.10677651157857893,0.8932234884214211,2
Qwen2.5-1.5B,agreement_bias,education_general_knowledge,en,mean_pooled,17,0.11560942562741178,0.8843905743725882,2
Qwen2.5-1.5B,agreement_bias,education_general_knowledge,en,mean_pooled,18,0.12939708100507313,0.8706029189949269,2
Qwen2.5-1.5B,agreement_bias,education_general_knowledge,en,mean_pooled,19,0.1276875909822558,0.8723124090177442,2
Qwen2.5-1.5B,agreement_bias,education_general_knowledge,en,mean_pooled,20,0.13216382874770488,0.8678361712522951,2
Qwen2.5-1.5B,agreement_bias,education_general_knowledge,en,mean_pooled,21,0.14329006102644226,0.8567099389735577,2
Qwen2.5-1.5B,agreement_bias,education_general_knowledge,en,mean_pooled,22,0.11834322141065395,0.8816567785893461,2
Qwen2.5-1.5B,agreement_bias,education_general_knowledge,en,mean_pooled,23,0.11437530912560184,0.8856246908743981,2
Qwen2.5-1.5B,agreement_bias,education_general_knowledge,en,mean_pooled,24,0.09433884206540855,0.9056611579345915,2
Qwen2.5-1.5B,agreement_bias,education_general_knowledge,en,mean_pooled,25,0.07541565847082438,0.9245843415291757,2
Qwen2.5-1.5B,agreement_bias,education_general_knowledge,en,mean_pooled,26,0.06625976000348466,0.9337402399965153,2
Qwen2.5-1.5B,agreement_bias,education_general_knowledge,en,mean_pooled,27,0.0434782673960013,0.9565217326039988,2
Qwen2.5-1.5B,agreement_bias,education_general_knowledge,en,mean_pooled,28,0.13189490957201333,0.8681050904279867,2
Qwen2.5-1.5B,attribution_bias,education_general_knowledge,en,last_token,0,0.0,1.0,1
Qwen2.5-1.5B,attribution_bias,education_general_knowledge,en,last_token,1,0.0003731765470147419,0.9996268234529853,1
Qwen2.5-1.5B,attribution_bias,education_general_knowledge,en,last_token,2,0.0014996668245134126,0.9985003331754866,1
Qwen2.5-1.5B,attribution_bias,education_general_knowledge,en,last_token,3,0.004162444210342953,0.995837555789657,1
Qwen2.5-1.5B,attribution_bias,education_general_knowledge,en,last_token,4,0.00996174377593062,0.9900382562240694,1
Qwen2.5-1.5B,attribution_bias,education_general_knowledge,en,last_token,5,0.03443205416512829,0.9655679458348717,1
Qwen2.5-1.5B,attribution_bias,education_general_knowledge,en,last_token,6,0.03641784792562974,0.9635821520743703,1
Qwen2.5-1.5B,attribution_bias,education_general_knowledge,en,last_token,7,0.034212038524874866,0.9657879614751251,1
Qwen2.5-1.5B,attribution_bias,education_general_knowledge,en,last_token,8,0.03187503021597826,0.9681249697840217,1
Qwen2.5-1.5B,attribution_bias,education_general_knowledge,en,last_token,9,0.02777944308376612,0.9722205569162339,1
Qwen2.5-1.5B,attribution_bias,education_general_knowledge,en,last_token,10,0.028777946564075063,0.9712220534359249,1
Qwen2.5-1.5B,attribution_bias,education_general_knowledge,en,last_token,11,0.02681440002403368,0.9731855999759663,1
Qwen2.5-1.5B,attribution_bias,education_general_knowledge,en,last_token,12,0.02003928492499507,0.9799607150750049,1
Qwen2.5-1.5B,attribution_bias,education_general_knowledge,en,last_token,13,0.01838472888578757,0.9816152711142124,1
Qwen2.5-1.5B,attribution_bias,education_general_knowledge,en,last_token,14,0.019591378185840336,0.9804086218141597,1
Qwen2.5-1.5B,attribution_bias,education_general_knowledge,en,last_token,15,0.01730078755248321,0.9826992124475168,1
Qwen2.5-1.5B,attribution_bias,education_general_knowledge,en,last_token,16,0.024084761485862027,0.975915238514138,1
Qwen2.5-1.5B,attribution_bias,education_general_knowledge,en,last_token,17,0.025540820874755843,0.9744591791252442,1
Qwen2.5-1.5B,attribution_bias,education_general_knowledge,en,last_token,18,0.028907350225000794,0.9710926497749992,1
Qwen2.5-1.5B,attribution_bias,education_general_knowledge,en,last_token,19,0.033799559061790996,0.966200440938209,1
Qwen2.5-1.5B,attribution_bias,education_general_knowledge,en,last_token,20,0.03676268402735072,0.9632373159726493,1
Qwen2.5-1.5B,attribution_bias,education_general_knowledge,en,last_token,21,0.058204736764814524,0.9417952632351855,1
Qwen2.5-1.5B,attribution_bias,education_general_knowledge,en,last_token,22,0.055937993340988146,0.9440620066590119,1
Qwen2.5-1.5B,attribution_bias,education_general_knowledge,en,last_token,23,0.06155359455755849,0.9384464054424415,1
Qwen2.5-1.5B,attribution_bias,education_general_knowledge,en,last_token,24,0.0552822782502419,0.9447177217497581,1
Qwen2.5-1.5B,attribution_bias,education_general_knowledge,en,last_token,25,0.053640671905578086,0.9463593280944219,1
Qwen2.5-1.5B,attribution_bias,education_general_knowledge,en,last_token,26,0.042783387677157836,0.9572166123228422,1
Qwen2.5-1.5B,attribution_bias,education_general_knowledge,en,last_token,27,0.03598260172318768,0.9640173982768123,1
Qwen2.5-1.5B,attribution_bias,education_general_knowledge,en,last_token,28,0.0633808804368895,0.9366191195631105,1
Qwen2.5-1.5B,attribution_bias,education_general_knowledge,en,mean_pooled,0,0.3595212389019413,0.6404787610980587,1
Qwen2.5-1.5B,attribution_bias,education_general_knowledge,en,mean_pooled,1,0.14396443042096485,0.8560355695790351,1
Qwen2.5-1.5B,attribution_bias,education_general_knowledge,en,mean_pooled,2,0.08315154444297934,0.9168484555570207,1
Qwen2.5-1.5B,attribution_bias,education_general_knowledge,en,mean_pooled,3,0.09746998327409206,0.9025300167259079,1
Qwen2.5-1.5B,attribution_bias,education_general_knowledge,en,mean_pooled,4,0.08825629452007622,0.9117437054799238,1
Qwen2.5-1.5B,attribution_bias,education_general_knowledge,en,mean_pooled,5,0.09055402921812916,0.9094459707818708,1
Qwen2.5-1.5B,attribution_bias,education_general_knowledge,en,mean_pooled,6,0.06955851619991149,0.9304414838000885,1
Qwen2.5-1.5B,attribution_bias,education_general_knowledge,en,mean_pooled,7,0.06599849509510347,0.9340015049048965,1
Qwen2.5-1.5B,attribution_bias,education_general_knowledge,en,mean_pooled,8,0.06278252142281138,0.9372174785771886,1
Qwen2.5-1.5B,attribution_bias,education_general_knowledge,en,mean_pooled,9,0.07890744648893555,0.9210925535110644,1
Qwen2.5-1.5B,attribution_bias,education_general_knowledge,en,mean_pooled,10,0.09395560764210897,0.906044392357891,1
Qwen2.5-1.5B,attribution_bias,education_general_knowledge,en,mean_pooled,11,0.08570403825975559,0.9142959617402444,1
Qwen2.5-1.5B,attribution_bias,education_general_knowledge,en,mean_pooled,12,0.07319872548216055,0.9268012745178394,1
Qwen2.5-1.5B,attribution_bias,education_general_knowledge,en,mean_pooled,13,0.06788306869819116,0.9321169313018088,1
Qwen2.5-1.5B,attribution_bias,education_general_knowledge,en,mean_pooled,14,0.06454137306909757,0.9354586269309024,1
Qwen2.5-1.5B,attribution_bias,education_general_knowledge,en,mean_pooled,15,0.06719323422876644,0.9328067657712336,1
Qwen2.5-1.5B,attribution_bias,education_general_knowledge,en,mean_pooled,16,0.06405890005320092,0.9359410999467991,1
Qwen2.5-1.5B,attribution_bias,education_general_knowledge,en,mean_pooled,17,0.05828457573881585,0.9417154242611842,1
Qwen2.5-1.5B,attribution_bias,education_general_knowledge,en,mean_pooled,18,0.06334179615627311,0.9366582038437269,1
Qwen2.5-1.5B,attribution_bias,education_general_knowledge,en,mean_pooled,19,0.05958907889302334,0.9404109211069767,1
Qwen2.5-1.5B,attribution_bias,education_general_knowledge,en,mean_pooled,20,0.06423980554423503,0.935760194455765,1
Qwen2.5-1.5B,attribution_bias,education_general_knowledge,en,mean_pooled,21,0.0627241992855182,0.9372758007144818,1
Qwen2.5-1.5B,attribution_bias,education_general_knowledge,en,mean_pooled,22,0.053483750712813194,0.9465162492871868,1
Qwen2.5-1.5B,attribution_bias,education_general_knowledge,en,mean_pooled,23,0.050300371391015064,0.9496996286089849,1
Qwen2.5-1.5B,attribution_bias,education_general_knowledge,en,mean_pooled,24,0.03955317628316557,0.9604468237168344,1
Qwen2.5-1.5B,attribution_bias,education_general_knowledge,en,mean_pooled,25,0.03782695834027472,0.9621730416597253,1
Qwen2.5-1.5B,attribution_bias,education_general_knowledge,en,mean_pooled,26,0.029670775748081968,0.970329224251918,1
Qwen2.5-1.5B,attribution_bias,education_general_knowledge,en,mean_pooled,27,0.019876178699663072,0.9801238213003369,1
Qwen2.5-1.5B,attribution_bias,education_general_knowledge,en,mean_pooled,28,0.030432325197300547,0.9695676748026995,1
Qwen2.5-1.5B,authority_influence,education_general_knowledge,en,last_token,0,0.0,1.0,4
Qwen2.5-1.5B,authority_influence,education_general_knowledge,en,last_token,1,0.0022147278817102878,0.9977852721182897,4
Qwen2.5-1.5B,authority_influence,education_general_knowledge,en,last_token,2,0.004133263221989897,0.9958667367780101,4
Qwen2.5-1.5B,authority_influence,education_general_knowledge,en,last_token,3,0.010293455862740303,0.9897065441372597,4
Qwen2.5-1.5B,authority_influence,education_general_knowledge,en,last_token,4,0.01313539963307564,0.9868646003669244,4
Qwen2.5-1.5B,authority_influence,education_general_knowledge,en,last_token,5,0.0121288730444305,0.9878711269555696,4
Qwen2.5-1.5B,authority_influence,education_general_knowledge,en,last_token,6,0.014032519499305979,0.985967480500694,4
Qwen2.5-1.5B,authority_influence,education_general_knowledge,en,last_token,7,0.012730682771134011,0.987269317228866,4
Qwen2.5-1.5B,authority_influence,education_general_knowledge,en,last_token,8,0.013366286947186667,0.9866337130528133,4
Qwen2.5-1.5B,authority_influence,education_general_knowledge,en,last_token,9,0.013154352524765933,0.9868456474752341,4
Qwen2.5-1.5B,authority_influence,education_general_knowledge,en,last_token,10,0.013226403908288775,0.9867735960917112,4
Qwen2.5-1.5B,authority_influence,education_general_knowledge,en,last_token,11,0.014223848780799075,0.9857761512192009,4
Qwen2.5-1.5B,authority_influence,education_general_knowledge,en,last_token,12,0.011490683510682276,0.9885093164893177,4
Qwen2.5-1.5B,authority_influence,education_general_knowledge,en,last_token,13,0.010381342251925302,0.9896186577480747,4
Qwen2.5-1.5B,authority_influence,education_general_knowledge,en,last_token,14,0.01187768172848297,0.9881223182715171,4
Qwen2.5-1.5B,authority_influence,education_general_knowledge,en,last_token,15,0.009388275658686357,0.9906117243413136,4
Qwen2.5-1.5B,authority_influence,education_general_knowledge,en,last_token,16,0.013573823616947561,0.9864261763830524,4
Qwen2.5-1.5B,authority_influence,education_general_knowledge,en,last_token,17,0.01941217156168948,0.9805878284383105,4
Qwen2.5-1.5B,authority_influence,education_general_knowledge,en,last_token,18,0.0261477341415155,0.9738522658584845,4
Qwen2.5-1.5B,authority_influence,education_general_knowledge,en,last_token,19,0.027855175902719742,0.9721448240972803,4
Qwen2.5-1.5B,authority_influence,education_general_knowledge,en,last_token,20,0.026403459690662656,0.9735965403093374,4
Qwen2.5-1.5B,authority_influence,education_general_knowledge,en,last_token,21,0.05116242957473008,0.94883757042527,4
Qwen2.5-1.5B,authority_influence,education_general_knowledge,en,last_token,22,0.05484825491930653,0.9451517450806934,4
Qwen2.5-1.5B,authority_influence,education_general_knowledge,en,last_token,23,0.05696518094367867,0.9430348190563214,4
Qwen2.5-1.5B,authority_influence,education_general_knowledge,en,last_token,24,0.04663870187661365,0.9533612981233863,4
Qwen2.5-1.5B,authority_influence,education_general_knowledge,en,last_token,25,0.045091093590921005,0.954908906409079,4
Qwen2.5-1.5B,authority_influence,education_general_knowledge,en,last_token,26,0.03575907670408465,0.9642409232959154,4
Qwen2.5-1.5B,authority_influence,education_general_knowledge,en,last_token,27,0.026948025792482205,0.9730519742075178,4
Qwen2.5-1.5B,authority_influence,education_general_knowledge,en,last_token,28,0.03956928327097997,0.96043071672902,4
Qwen2.5-1.5B,authority_influence,education_general_knowledge,en,mean_pooled,0,0.23752752729308252,0.7624724727069174,4
Qwen2.5-1.5B,authority_influence,education_general_knowledge,en,mean_pooled,1,0.11750034162118742,0.8824996583788126,4
Qwen2.5-1.5B,authority_influence,education_general_knowledge,en,mean_pooled,2,0.07811237763435946,0.9218876223656405,4
Qwen2.5-1.5B,authority_influence,education_general_knowledge,en,mean_pooled,3,0.10387640821498459,0.8961235917850154,4
Qwen2.5-1.5B,authority_influence,education_general_knowledge,en,mean_pooled,4,0.09815152214498957,0.9018484778550104,4
Qwen2.5-1.5B,authority_influence,education_general_knowledge,en,mean_pooled,5,0.10467685450617897,0.8953231454938211,4
Qwen2.5-1.5B,authority_influence,education_general_knowledge,en,mean_pooled,6,0.09654664550732472,0.9034533544926753,4
Qwen2.5-1.5B,authority_influence,education_general_knowledge,en,mean_pooled,7,0.08832032914785395,0.9116796708521461,4
Qwen2.5-1.5B,authority_influence,education_general_knowledge,en,mean_pooled,8,0.09148442438704074,0.9085155756129593,4
Qwen2.5-1.5B,authority_influence,education_general_knowledge,en,mean_pooled,9,0.10451462596340272,0.8954853740365973,4
Qwen2.5-1.5B,authority_influence,education_general_knowledge,en,mean_pooled,10,0.11431451304021242,0.8856854869597875,4
Qwen2.5-1.5B,authority_influence,education_general_knowledge,en,mean_pooled,11,0.10543225475094678,0.8945677452490532,4
Qwen2.5-1.5B,authority_influence,education_general_knowledge,en,mean_pooled,12,0.09605505159084854,0.9039449484091515,4
Qwen2.5-1.5B,authority_influence,education_general_knowledge,en,mean_pooled,13,0.10079446267405315,0.8992055373259469,4
Qwen2.5-1.5B,authority_influence,education_general_knowledge,en,mean_pooled,14,0.10177798420811973,0.8982220157918803,4
Qwen2.5-1.5B,authority_influence,education_general_knowledge,en,mean_pooled,15,0.09751893079229826,0.9024810692077018,4
Qwen2.5-1.5B,authority_influence,education_general_knowledge,en,mean_pooled,16,0.08974199073863656,0.9102580092613635,4
Qwen2.5-1.5B,authority_influence,education_general_knowledge,en,mean_pooled,17,0.08698518878328265,0.9130148112167173,4
Qwen2.5-1.5B,authority_influence,education_general_knowledge,en,mean_pooled,18,0.10143411478162384,0.8985658852183762,4
Qwen2.5-1.5B,authority_influence,education_general_knowledge,en,mean_pooled,19,0.09838829758266726,0.9016117024173327,4
Qwen2.5-1.5B,authority_influence,education_general_knowledge,en,mean_pooled,20,0.09091512519783201,0.909084874802168,4
Qwen2.5-1.5B,authority_influence,education_general_knowledge,en,mean_pooled,21,0.09622417544042858,0.9037758245595714,4
Qwen2.5-1.5B,authority_influence,education_general_knowledge,en,mean_pooled,22,0.0787074234608747,0.9212925765391253,4
Qwen2.5-1.5B,authority_influence,education_general_knowledge,en,mean_pooled,23,0.07181088133115593,0.928189118668844,4
Qwen2.5-1.5B,authority_influence,education_general_knowledge,en,mean_pooled,24,0.05777781426619505,0.9422221857338049,4
Qwen2.5-1.5B,authority_influence,education_general_knowledge,en,mean_pooled,25,0.05038247386062791,0.9496175261393721,4
Qwen2.5-1.5B,authority_influence,education_general_knowledge,en,mean_pooled,26,0.04147224853168768,0.9585277514683124,4
Qwen2.5-1.5B,authority_influence,education_general_knowledge,en,mean_pooled,27,0.027898971891074542,0.9721010281089255,4
Qwen2.5-1.5B,authority_influence,education_general_knowledge,en,mean_pooled,28,0.04939346583266699,0.950606534167333,4
Qwen2.5-1.5B,delusion_acceptance,education_general_knowledge,en,last_token,0,0.0,1.0,2
Qwen2.5-1.5B,delusion_acceptance,education_general_knowledge,en,last_token,1,0.00728511060727749,0.9927148893927225,2
Qwen2.5-1.5B,delusion_acceptance,education_general_knowledge,en,last_token,2,0.01160856141972938,0.9883914385802706,2
Qwen2.5-1.5B,delusion_acceptance,education_general_knowledge,en,last_token,3,0.015265196332681197,0.9847348036673188,2
Qwen2.5-1.5B,delusion_acceptance,education_general_knowledge,en,last_token,4,0.034711856100051175,0.9652881438999488,2
Qwen2.5-1.5B,delusion_acceptance,education_general_knowledge,en,last_token,5,0.03263612061194493,0.967363879388055,2
Qwen2.5-1.5B,delusion_acceptance,education_general_knowledge,en,last_token,6,0.028161513208967426,0.9718384867910326,2
Qwen2.5-1.5B,delusion_acceptance,education_general_knowledge,en,last_token,7,0.027017288730544653,0.9729827112694553,2
Qwen2.5-1.5B,delusion_acceptance,education_general_knowledge,en,last_token,8,0.028234812485358973,0.971765187514641,2
Qwen2.5-1.5B,delusion_acceptance,education_general_knowledge,en,last_token,9,0.02727818902654594,0.9727218109734541,2
Qwen2.5-1.5B,delusion_acceptance,education_general_knowledge,en,last_token,10,0.025187739231402106,0.9748122607685978,2
Qwen2.5-1.5B,delusion_acceptance,education_general_knowledge,en,last_token,11,0.02503776827620402,0.974962231723796,2
Qwen2.5-1.5B,delusion_acceptance,education_general_knowledge,en,last_token,12,0.02428139727146922,0.9757186027285307,2
Qwen2.5-1.5B,delusion_acceptance,education_general_knowledge,en,last_token,13,0.022319711213610927,0.9776802887863891,2
Qwen2.5-1.5B,delusion_acceptance,education_general_knowledge,en,last_token,14,0.0268182705317222,0.9731817294682779,2
Qwen2.5-1.5B,delusion_acceptance,education_general_knowledge,en,last_token,15,0.019552950684938286,0.9804470493150617,2
Qwen2.5-1.5B,delusion_acceptance,education_general_knowledge,en,last_token,16,0.027496327930314424,0.9725036720696856,2
Qwen2.5-1.5B,delusion_acceptance,education_general_knowledge,en,last_token,17,0.04029221173028269,0.9597077882697174,2
Qwen2.5-1.5B,delusion_acceptance,education_general_knowledge,en,last_token,18,0.054646716899229175,0.9453532831007708,2
Qwen2.5-1.5B,delusion_acceptance,education_general_knowledge,en,last_token,19,0.059844271180138964,0.940155728819861,2
Qwen2.5-1.5B,delusion_acceptance,education_general_knowledge,en,last_token,20,0.06262306892281277,0.9373769310771872,2
Qwen2.5-1.5B,delusion_acceptance,education_general_knowledge,en,last_token,21,0.08197907926852688,0.9180209207314731,2
Qwen2.5-1.5B,delusion_acceptance,education_general_knowledge,en,last_token,22,0.08254857925884884,0.9174514207411512,2
Qwen2.5-1.5B,delusion_acceptance,education_general_knowledge,en,last_token,23,0.08680837187259055,0.9131916281274095,2
Qwen2.5-1.5B,delusion_acceptance,education_general_knowledge,en,last_token,24,0.07520937092650992,0.9247906290734901,2
Qwen2.5-1.5B,delusion_acceptance,education_general_knowledge,en,last_token,25,0.0787261231342648,0.9212738768657351,2
Qwen2.5-1.5B,delusion_acceptance,education_general_knowledge,en,last_token,26,0.0619965479224302,0.9380034520775697,2
Qwen2.5-1.5B,delusion_acceptance,education_general_knowledge,en,last_token,27,0.04957376295457383,0.9504262370454262,2
Qwen2.5-1.5B,delusion_acceptance,education_general_knowledge,en,last_token,28,0.09364129655069292,0.906358703449307,2
Qwen2.5-1.5B,delusion_acceptance,education_general_knowledge,en,mean_pooled,0,0.24524619815570825,0.7547538018442917,2
Qwen2.5-1.5B,delusion_acceptance,education_general_knowledge,en,mean_pooled,1,0.14081876221907957,0.8591812377809205,2
Qwen2.5-1.5B,delusion_acceptance,education_general_knowledge,en,mean_pooled,2,0.08746947942165084,0.9125305205783492,2
Qwen2.5-1.5B,delusion_acceptance,education_general_knowledge,en,mean_pooled,3,0.11885417097874773,0.8811458290212523,2
Qwen2.5-1.5B,delusion_acceptance,education_general_knowledge,en,mean_pooled,4,0.12019312159714107,0.879806878402859,2
Qwen2.5-1.5B,delusion_acceptance,education_general_knowledge,en,mean_pooled,5,0.12468217950225152,0.8753178204977485,2
Qwen2.5-1.5B,delusion_acceptance,education_general_knowledge,en,mean_pooled,6,0.10228519161287569,0.8977148083871243,2
Qwen2.5-1.5B,delusion_acceptance,education_general_knowledge,en,mean_pooled,7,0.09613239199023471,0.9038676080097653,2
Qwen2.5-1.5B,delusion_acceptance,education_general_knowledge,en,mean_pooled,8,0.0985510866430167,0.9014489133569833,2
Qwen2.5-1.5B,delusion_acceptance,education_general_knowledge,en,mean_pooled,9,0.11330126856055178,0.8866987314394482,2
Qwen2.5-1.5B,delusion_acceptance,education_general_knowledge,en,mean_pooled,10,0.12715221824341794,0.8728477817565821,2
Qwen2.5-1.5B,delusion_acceptance,education_general_knowledge,en,mean_pooled,11,0.11648251035423929,0.8835174896457607,2
Qwen2.5-1.5B,delusion_acceptance,education_general_knowledge,en,mean_pooled,12,0.10892980580660155,0.8910701941933985,2
Qwen2.5-1.5B,delusion_acceptance,education_general_knowledge,en,mean_pooled,13,0.10760404473552665,0.8923959552644734,2
Qwen2.5-1.5B,delusion_acceptance,education_general_knowledge,en,mean_pooled,14,0.10556885652686032,0.8944311434731397,2
Qwen2.5-1.5B,delusion_acceptance,education_general_knowledge,en,mean_pooled,15,0.10079687955592986,0.8992031204440701,2
Qwen2.5-1.5B,delusion_acceptance,education_general_knowledge,en,mean_pooled,16,0.10729692971170735,0.8927030702882927,2
Qwen2.5-1.5B,delusion_acceptance,education_general_knowledge,en,mean_pooled,17,0.11142237667512428,0.8885776233248757,2
Qwen2.5-1.5B,delusion_acceptance,education_general_knowledge,en,mean_pooled,18,0.1361000220938005,0.8638999779061995,2
Qwen2.5-1.5B,delusion_acceptance,education_general_knowledge,en,mean_pooled,19,0.12327396907628857,0.8767260309237115,2
Qwen2.5-1.5B,delusion_acceptance,education_general_knowledge,en,mean_pooled,20,0.11866005144090264,0.8813399485590974,2
Qwen2.5-1.5B,delusion_acceptance,education_general_knowledge,en,mean_pooled,21,0.13630954736242745,0.8636904526375726,2
Qwen2.5-1.5B,delusion_acceptance,education_general_knowledge,en,mean_pooled,22,0.11903659452516224,0.8809634054748378,2
Qwen2.5-1.5B,delusion_acceptance,education_general_knowledge,en,mean_pooled,23,0.10514928417541802,0.894850715824582,2
Qwen2.5-1.5B,delusion_acceptance,education_general_knowledge,en,mean_pooled,24,0.08779157122297931,0.9122084287770207,2
Qwen2.5-1.5B,delusion_acceptance,education_general_knowledge,en,mean_pooled,25,0.0793185100152457,0.9206814899847543,2
Qwen2.5-1.5B,delusion_acceptance,education_general_knowledge,en,mean_pooled,26,0.06394760785529335,0.9360523921447066,2
Qwen2.5-1.5B,delusion_acceptance,education_general_knowledge,en,mean_pooled,27,0.04499020626444228,0.9550097937355577,2
Qwen2.5-1.5B,delusion_acceptance,education_general_knowledge,en,mean_pooled,28,0.09036154581822625,0.9096384541817737,2
Qwen2.5-1.5B,mirroring,education_general_knowledge,en,last_token,0,0.0,1.0,4
Qwen2.5-1.5B,mirroring,education_general_knowledge,en,last_token,1,0.003032442390047879,0.9969675576099521,4
Qwen2.5-1.5B,mirroring,education_general_knowledge,en,last_token,2,0.007223953656981197,0.9927760463430189,4
Qwen2.5-1.5B,mirroring,education_general_knowledge,en,last_token,3,0.008364866094032836,0.9916351339059671,4
Qwen2.5-1.5B,mirroring,education_general_knowledge,en,last_token,4,0.020728121535326993,0.979271878464673,4
Qwen2.5-1.5B,mirroring,education_general_knowledge,en,last_token,5,0.018318609405257674,0.9816813905947424,4
Qwen2.5-1.5B,mirroring,education_general_knowledge,en,last_token,6,0.018316403403139364,0.9816835965968607,4
Qwen2.5-1.5B,mirroring,education_general_knowledge,en,last_token,7,0.01951366788662451,0.9804863321133754,4
Qwen2.5-1.5B,mirroring,education_general_knowledge,en,last_token,8,0.02022111908293739,0.9797788809170627,4
Qwen2.5-1.5B,mirroring,education_general_knowledge,en,last_token,9,0.018047722149633766,0.9819522778503662,4
Qwen2.5-1.5B,mirroring,education_general_knowledge,en,last_token,10,0.016278859631935816,0.9837211403680641,4
Qwen2.5-1.5B,mirroring,education_general_knowledge,en,last_token,11,0.0170270663341624,0.9829729336658376,4
Qwen2.5-1.5B,mirroring,education_general_knowledge,en,last_token,12,0.013940558554616983,0.986059441445383,4
Qwen2.5-1.5B,mirroring,education_general_knowledge,en,last_token,13,0.013606728723683431,0.9863932712763166,4
Qwen2.5-1.5B,mirroring,education_general_knowledge,en,last_token,14,0.013919428469892275,0.9860805715301078,4
Qwen2.5-1.5B,mirroring,education_general_knowledge,en,last_token,15,0.010367975995683842,0.9896320240043162,4
Qwen2.5-1.5B,mirroring,education_general_knowledge,en,last_token,16,0.015176220157472914,0.9848237798425271,4
Qwen2.5-1.5B,mirroring,education_general_knowledge,en,last_token,17,0.02126251905357085,0.9787374809464291,4
Qwen2.5-1.5B,mirroring,education_general_knowledge,en,last_token,18,0.025351452638435634,0.9746485473615644,4
Qwen2.5-1.5B,mirroring,education_general_knowledge,en,last_token,19,0.027727117530452733,0.9722728824695472,4
Qwen2.5-1.5B,mirroring,education_general_knowledge,en,last_token,20,0.02761589963375513,0.9723841003662449,4
Qwen2.5-1.5B,mirroring,education_general_knowledge,en,last_token,21,0.04221208305897142,0.9577879169410286,4
Qwen2.5-1.5B,mirroring,education_general_knowledge,en,last_token,22,0.04214594204990338,0.9578540579500966,4
Qwen2.5-1.5B,mirroring,education_general_knowledge,en,last_token,23,0.04021843839237044,0.9597815616076295,4
Qwen2.5-1.5B,mirroring,education_general_knowledge,en,last_token,24,0.03787528462074902,0.9621247153792509,4
Qwen2.5-1.5B,mirroring,education_general_knowledge,en,last_token,25,0.04000278259438331,0.9599972174056167,4
Qwen2.5-1.5B,mirroring,education_general_knowledge,en,last_token,26,0.03146871567768636,0.9685312843223136,4
Qwen2.5-1.5B,mirroring,education_general_knowledge,en,last_token,27,0.02473882345856382,0.9752611765414362,4
Qwen2.5-1.5B,mirroring,education_general_knowledge,en,last_token,28,0.03986895705052182,0.9601310429494782,4
Qwen2.5-1.5B,mirroring,education_general_knowledge,en,mean_pooled,0,0.22079894657904853,0.7792010534209515,4
Qwen2.5-1.5B,mirroring,education_general_knowledge,en,mean_pooled,1,0.09963745663488313,0.9003625433651169,4
Qwen2.5-1.5B,mirroring,education_general_knowledge,en,mean_pooled,2,0.06909743189569992,0.9309025681043,4
Qwen2.5-1.5B,mirroring,education_general_knowledge,en,mean_pooled,3,0.09012945627862365,0.9098705437213763,4
Qwen2.5-1.5B,mirroring,education_general_knowledge,en,mean_pooled,4,0.08893810114434914,0.9110618988556509,4
Qwen2.5-1.5B,mirroring,education_general_knowledge,en,mean_pooled,5,0.0950792487555231,0.9049207512444769,4
Qwen2.5-1.5B,mirroring,education_general_knowledge,en,mean_pooled,6,0.09762781699701337,0.9023721830029866,4
Qwen2.5-1.5B,mirroring,education_general_knowledge,en,mean_pooled,7,0.09214985481959256,0.9078501451804074,4
Qwen2.5-1.5B,mirroring,education_general_knowledge,en,mean_pooled,8,0.09937265634132333,0.9006273436586767,4
Qwen2.5-1.5B,mirroring,education_general_knowledge,en,mean_pooled,9,0.1025259178357906,0.8974740821642094,4
Qwen2.5-1.5B,mirroring,education_general_knowledge,en,mean_pooled,10,0.10653296486260982,0.8934670351373901,4
Qwen2.5-1.5B,mirroring,education_general_knowledge,en,mean_pooled,11,0.10270659392319212,0.8972934060768079,4
Qwen2.5-1.5B,mirroring,education_general_knowledge,en,mean_pooled,12,0.11004565133354935,0.8899543486664506,4
Qwen2.5-1.5B,mirroring,education_general_knowledge,en,mean_pooled,13,0.10947630345099105,0.890523696549009,4
Qwen2.5-1.5B,mirroring,education_general_knowledge,en,mean_pooled,14,0.11264663402798591,0.8873533659720141,4
Qwen2.5-1.5B,mirroring,education_general_knowledge,en,mean_pooled,15,0.10847917778460081,0.8915208222153992,4
Qwen2.5-1.5B,mirroring,education_general_knowledge,en,mean_pooled,16,0.10788913632860742,0.8921108636713926,4
Qwen2.5-1.5B,mirroring,education_general_knowledge,en,mean_pooled,17,0.10447564185429992,0.8955243581457001,4
Qwen2.5-1.5B,mirroring,education_general_knowledge,en,mean_pooled,18,0.1096248587939446,0.8903751412060554,4
Qwen2.5-1.5B,mirroring,education_general_knowledge,en,mean_pooled,19,0.10572222464934444,0.8942777753506556,4
Qwen2.5-1.5B,mirroring,education_general_knowledge,en,mean_pooled,20,0.10653150483792284,0.8934684951620772,4
Qwen2.5-1.5B,mirroring,education_general_knowledge,en,mean_pooled,21,0.1171808338226796,0.8828191661773204,4
Qwen2.5-1.5B,mirroring,education_general_knowledge,en,mean_pooled,22,0.09434346840067032,0.9056565315993297,4
Qwen2.5-1.5B,mirroring,education_general_knowledge,en,mean_pooled,23,0.09033798501290902,0.909662014987091,4
Qwen2.5-1.5B,mirroring,education_general_knowledge,en,mean_pooled,24,0.07942957297278022,0.9205704270272198,4
Qwen2.5-1.5B,mirroring,education_general_knowledge,en,mean_pooled,25,0.0654955394490494,0.9345044605509506,4
Qwen2.5-1.5B,mirroring,education_general_knowledge,en,mean_pooled,26,0.05494233095915341,0.9450576690408465,4
Qwen2.5-1.5B,mirroring,education_general_knowledge,en,mean_pooled,27,0.03645072406930289,0.9635492759306972,4
Qwen2.5-1.5B,mirroring,education_general_knowledge,en,mean_pooled,28,0.06588913904709195,0.9341108609529081,4
Qwen2.5-1.5B,revision_under_pressure,education_general_knowledge,en,last_token,0,0.0,1.0,6
Qwen2.5-1.5B,revision_under_pressure,education_general_knowledge,en,last_token,1,0.0035548685848108366,0.9964451314151891,6
Qwen2.5-1.5B,revision_under_pressure,education_general_knowledge,en,last_token,2,0.008626717593010702,0.9913732824069893,6
Qwen2.5-1.5B,revision_under_pressure,education_general_knowledge,en,last_token,3,0.013868671488061313,0.9861313285119387,6
Qwen2.5-1.5B,revision_under_pressure,education_general_knowledge,en,last_token,4,0.02732973760442455,0.9726702623955754,6
Qwen2.5-1.5B,revision_under_pressure,education_general_knowledge,en,last_token,5,0.03377650097734258,0.9662234990226574,6
Qwen2.5-1.5B,revision_under_pressure,education_general_knowledge,en,last_token,6,0.025171048850282467,0.9748289511497176,6
Qwen2.5-1.5B,revision_under_pressure,education_general_knowledge,en,last_token,7,0.022278759867418656,0.9777212401325813,6
Qwen2.5-1.5B,revision_under_pressure,education_general_knowledge,en,last_token,8,0.028262952583189005,0.971737047416811,6
Qwen2.5-1.5B,revision_under_pressure,education_general_knowledge,en,last_token,9,0.044194798304283835,0.9558052016957163,6
Qwen2.5-1.5B,revision_under_pressure,education_general_knowledge,en,last_token,10,0.06402980795064982,0.9359701920493503,6
Qwen2.5-1.5B,revision_under_pressure,education_general_knowledge,en,last_token,11,0.05529315383290789,0.9447068461670921,6
Qwen2.5-1.5B,revision_under_pressure,education_general_knowledge,en,last_token,12,0.044509310198367937,0.955490689801632,6
Qwen2.5-1.5B,revision_under_pressure,education_general_knowledge,en,last_token,13,0.04228915192657423,0.9577108480734258,6
Qwen2.5-1.5B,revision_under_pressure,education_general_knowledge,en,last_token,14,0.06355153282142252,0.9364484671785774,6
Qwen2.5-1.5B,revision_under_pressure,education_general_knowledge,en,last_token,15,0.05045484107991873,0.9495451589200813,6
Qwen2.5-1.5B,revision_under_pressure,education_general_knowledge,en,last_token,16,0.06908605518076716,0.9309139448192328,6
Qwen2.5-1.5B,revision_under_pressure,education_general_knowledge,en,last_token,17,0.08253922966440719,0.9174607703355928,6
Qwen2.5-1.5B,revision_under_pressure,education_general_knowledge,en,last_token,18,0.0927187817360952,0.9072812182639048,6
Qwen2.5-1.5B,revision_under_pressure,education_general_knowledge,en,last_token,19,0.1048955707653564,0.8951044292346436,6
Qwen2.5-1.5B,revision_under_pressure,education_general_knowledge,en,last_token,20,0.10787995419311312,0.8921200458068869,6
Qwen2.5-1.5B,revision_under_pressure,education_general_knowledge,en,last_token,21,0.16364009801931603,0.8363599019806839,6
Qwen2.5-1.5B,revision_under_pressure,education_general_knowledge,en,last_token,22,0.16928368189404586,0.8307163181059541,6
Qwen2.5-1.5B,revision_under_pressure,education_general_knowledge,en,last_token,23,0.19177977034239854,0.8082202296576014,6
Qwen2.5-1.5B,revision_under_pressure,education_general_knowledge,en,last_token,24,0.1714702125628552,0.8285297874371448,6
Qwen2.5-1.5B,revision_under_pressure,education_general_knowledge,en,last_token,25,0.1670304179432992,0.8329695820567008,6
Qwen2.5-1.5B,revision_under_pressure,education_general_knowledge,en,last_token,26,0.12872391170361688,0.871276088296383,6
Qwen2.5-1.5B,revision_under_pressure,education_general_knowledge,en,last_token,27,0.08873703705243628,0.9112629629475637,6
Qwen2.5-1.5B,revision_under_pressure,education_general_knowledge,en,last_token,28,0.11692770600028911,0.883072293999711,6
Qwen2.5-1.5B,revision_under_pressure,education_general_knowledge,en,mean_pooled,0,0.15849192597201794,0.8415080740279821,6
Qwen2.5-1.5B,revision_under_pressure,education_general_knowledge,en,mean_pooled,1,0.11872385945443964,0.8812761405455604,6
Qwen2.5-1.5B,revision_under_pressure,education_general_knowledge,en,mean_pooled,2,0.0725502711261121,0.927449728873888,6
Qwen2.5-1.5B,revision_under_pressure,education_general_knowledge,en,mean_pooled,3,0.0818380056925792,0.9181619943074208,6
Qwen2.5-1.5B,revision_under_pressure,education_general_knowledge,en,mean_pooled,4,0.08415496983606392,0.9158450301639361,6
Qwen2.5-1.5B,revision_under_pressure,education_general_knowledge,en,mean_pooled,5,0.08984748920730597,0.910152510792694,6
Qwen2.5-1.5B,revision_under_pressure,education_general_knowledge,en,mean_pooled,6,0.07332089260562007,0.92667910739438,6
Qwen2.5-1.5B,revision_under_pressure,education_general_knowledge,en,mean_pooled,7,0.07117582667257094,0.9288241733274291,6
Qwen2.5-1.5B,revision_under_pressure,education_general_knowledge,en,mean_pooled,8,0.07156445361287844,0.9284355463871216,6
Qwen2.5-1.5B,revision_under_pressure,education_general_knowledge,en,mean_pooled,9,0.08154732005371616,0.9184526799462839,6
Qwen2.5-1.5B,revision_under_pressure,education_general_knowledge,en,mean_pooled,10,0.08350168732982378,0.9164983126701762,6
Qwen2.5-1.5B,revision_under_pressure,education_general_knowledge,en,mean_pooled,11,0.0816570016344491,0.918342998365551,6
Qwen2.5-1.5B,revision_under_pressure,education_general_knowledge,en,mean_pooled,12,0.07212173911866461,0.9278782608813354,6
Qwen2.5-1.5B,revision_under_pressure,education_general_knowledge,en,mean_pooled,13,0.0708453106364562,0.9291546893635437,6
Qwen2.5-1.5B,revision_under_pressure,education_general_knowledge,en,mean_pooled,14,0.07206926104482438,0.9279307389551756,6
Qwen2.5-1.5B,revision_under_pressure,education_general_knowledge,en,mean_pooled,15,0.07575486387181268,0.9242451361281873,6
Qwen2.5-1.5B,revision_under_pressure,education_general_knowledge,en,mean_pooled,16,0.07158123412964201,0.928418765870358,6
Qwen2.5-1.5B,revision_under_pressure,education_general_knowledge,en,mean_pooled,17,0.07278638668561473,0.9272136133143852,6
Qwen2.5-1.5B,revision_under_pressure,education_general_knowledge,en,mean_pooled,18,0.07758324156323848,0.9224167584367615,6
Qwen2.5-1.5B,revision_under_pressure,education_general_knowledge,en,mean_pooled,19,0.07373702618185375,0.9262629738181462,6
Qwen2.5-1.5B,revision_under_pressure,education_general_knowledge,en,mean_pooled,20,0.07888332003610381,0.9211166799638962,6
Qwen2.5-1.5B,revision_under_pressure,education_general_knowledge,en,mean_pooled,21,0.07916471680659527,0.9208352831934047,6
Qwen2.5-1.5B,revision_under_pressure,education_general_knowledge,en,mean_pooled,22,0.06259228285440288,0.9374077171455971,6
Qwen2.5-1.5B,revision_under_pressure,education_general_knowledge,en,mean_pooled,23,0.05932961407600116,0.9406703859239989,6
Qwen2.5-1.5B,revision_under_pressure,education_general_knowledge,en,mean_pooled,24,0.04846401353424842,0.9515359864657515,6
Qwen2.5-1.5B,revision_under_pressure,education_general_knowledge,en,mean_pooled,25,0.03621939406571171,0.9637806059342883,6
Qwen2.5-1.5B,revision_under_pressure,education_general_knowledge,en,mean_pooled,26,0.03164600120332458,0.9683539987966755,6
Qwen2.5-1.5B,revision_under_pressure,education_general_knowledge,en,mean_pooled,27,0.02041511910225254,0.9795848808977475,6
Qwen2.5-1.5B,revision_under_pressure,education_general_knowledge,en,mean_pooled,28,0.06226904910359321,0.9377309508964068,6
