model,pooling,layer,scope,n_samples,cka
Gemma-2-2B,last_token,0,__all__,22,
Gemma-2-2B,last_token,0,authority_influence,12,
Gemma-2-2B,last_token,0,mirroring,8,
Gemma-2-2B,last_token,1,__all__,22,0.44378411005335755
Gemma-2-2B,last_token,1,authority_influence,12,0.9932310737617107
Gemma-2-2B,last_token,1,mirroring,8,0.9067982546614636
Gemma-2-2B,last_token,2,__all__,22,0.7571362073977941
Gemma-2-2B,last_token,2,authority_influence,12,0.9928599265381368
Gemma-2-2B,last_token,2,mirroring,8,0.9863144096415862
Gemma-2-2B,last_token,3,__all__,22,0.860303475117679
Gemma-2-2B,last_token,3,authority_influence,12,0.9874370435565618
Gemma-2-2B,last_token,3,mirroring,8,0.9904248039823925
Gemma-2-2B,last_token,4,__all__,22,0.8383557481308709
Gemma-2-2B,last_token,4,authority_influence,12,0.9894979410424817
Gemma-2-2B,last_token,4,mirroring,8,0.9944163579368789
Gemma-2-2B,last_token,5,__all__,22,0.8022660937601881
Gemma-2-2B,last_token,5,authority_influence,12,0.9852909046303558
Gemma-2-2B,last_token,5,mirroring,8,0.9825805713520411
Gemma-2-2B,last_token,6,__all__,22,0.8479516807572377
Gemma-2-2B,last_token,6,authority_influence,12,0.9924525965714295
Gemma-2-2B,last_token,6,mirroring,8,0.9663813670004636
Gemma-2-2B,last_token,7,__all__,22,0.7887622630851421
Gemma-2-2B,last_token,7,authority_influence,12,0.992386936382262
Gemma-2-2B,last_token,7,mirroring,8,0.9571186498053751
Gemma-2-2B,last_token,8,__all__,22,0.8907499632431646
Gemma-2-2B,last_token,8,authority_influence,12,0.9824634726739344
Gemma-2-2B,last_token,8,mirroring,8,0.9410633446868394
Gemma-2-2B,last_token,9,__all__,22,0.919035277269918
Gemma-2-2B,last_token,9,authority_influence,12,0.9818326167575456
Gemma-2-2B,last_token,9,mirroring,8,0.9455066655351371
Gemma-2-2B,last_token,10,__all__,22,0.9414903229380652
Gemma-2-2B,last_token,10,authority_influence,12,0.978160957676306
Gemma-2-2B,last_token,10,mirroring,8,0.9689101428706097
Gemma-2-2B,last_token,11,__all__,22,0.9185480768369082
Gemma-2-2B,last_token,11,authority_influence,12,0.9812216193595183
Gemma-2-2B,last_token,11,mirroring,8,0.9593031824690322
Gemma-2-2B,last_token,12,__all__,22,0.9346790332345226
Gemma-2-2B,last_token,12,authority_influence,12,0.9898112716567586
Gemma-2-2B,last_token,12,mirroring,8,0.9677250448859245
Gemma-2-2B,last_token,13,__all__,22,0.9205350143144329
Gemma-2-2B,last_token,13,authority_influence,12,0.978994947374859
Gemma-2-2B,last_token,13,mirroring,8,0.9747258243799045
Gemma-2-2B,last_token,14,__all__,22,0.8975277928693872
Gemma-2-2B,last_token,14,authority_influence,12,0.9777759101238156
Gemma-2-2B,last_token,14,mirroring,8,0.984720898071522
Gemma-2-2B,last_token,15,__all__,22,0.9000778258344334
Gemma-2-2B,last_token,15,authority_influence,12,0.9810374449739462
Gemma-2-2B,last_token,15,mirroring,8,0.9833899501275684
Gemma-2-2B,last_token,16,__all__,22,0.8896502374798313
Gemma-2-2B,last_token,16,authority_influence,12,0.986072019765753
Gemma-2-2B,last_token,16,mirroring,8,0.9840875727365874
Gemma-2-2B,last_token,17,__all__,22,0.89830842802357
Gemma-2-2B,last_token,17,authority_influence,12,0.984798963635373
Gemma-2-2B,last_token,17,mirroring,8,0.9820996231314782
Gemma-2-2B,last_token,18,__all__,22,0.918487498699489
Gemma-2-2B,last_token,18,authority_influence,12,0.986905446913414
Gemma-2-2B,last_token,18,mirroring,8,0.9845714494124655
Gemma-2-2B,last_token,19,__all__,22,0.9069506645372196
Gemma-2-2B,last_token,19,authority_influence,12,0.9884587406012234
Gemma-2-2B,last_token,19,mirroring,8,0.9858619534762652
Gemma-2-2B,last_token,20,__all__,22,0.9353803806862309
Gemma-2-2B,last_token,20,authority_influence,12,0.9866426494901376
Gemma-2-2B,last_token,20,mirroring,8,0.988581881282494
Gemma-2-2B,last_token,21,__all__,22,0.9290749354100484
Gemma-2-2B,last_token,21,authority_influence,12,0.9866637572978393
Gemma-2-2B,last_token,21,mirroring,8,0.9893415335899821
Gemma-2-2B,last_token,22,__all__,22,0.9204586570885325
Gemma-2-2B,last_token,22,authority_influence,12,0.9835877162885157
Gemma-2-2B,last_token,22,mirroring,8,0.9902719265351386
Gemma-2-2B,last_token,23,__all__,22,0.9231316530949936
Gemma-2-2B,last_token,23,authority_influence,12,0.9809090261641517
Gemma-2-2B,last_token,23,mirroring,8,0.9862991435838208
Gemma-2-2B,last_token,24,__all__,22,0.9204428385973682
Gemma-2-2B,last_token,24,authority_influence,12,0.9823854204439335
Gemma-2-2B,last_token,24,mirroring,8,0.9907187268041373
Gemma-2-2B,last_token,25,__all__,22,0.96612306322771
Gemma-2-2B,last_token,25,authority_influence,12,0.9889750861625791
Gemma-2-2B,last_token,25,mirroring,8,0.9932706371213118
Gemma-2-2B,last_token,26,__all__,22,0.991313113090636
Gemma-2-2B,last_token,26,authority_influence,12,0.9915730826627933
Gemma-2-2B,last_token,26,mirroring,8,0.9942429953846577
Gemma-2-2B,mean_pooled,0,__all__,22,0.15626526518177053
Gemma-2-2B,mean_pooled,0,authority_influence,12,0.15275607114001222
Gemma-2-2B,mean_pooled,0,mirroring,8,0.17308852298997934
Gemma-2-2B,mean_pooled,1,__all__,22,0.23547087030685554
Gemma-2-2B,mean_pooled,1,authority_influence,12,0.28015715257868296
Gemma-2-2B,mean_pooled,1,mirroring,8,0.2913214956521346
Gemma-2-2B,mean_pooled,2,__all__,22,0.2651651982120186
Gemma-2-2B,mean_pooled,2,authority_influence,12,0.3078853377710722
Gemma-2-2B,mean_pooled,2,mirroring,8,0.33056294369508293
Gemma-2-2B,mean_pooled,3,__all__,22,0.25236139499714033
Gemma-2-2B,mean_pooled,3,authority_influence,12,0.2966836197073072
Gemma-2-2B,mean_pooled,3,mirroring,8,0.31095122726130575
Gemma-2-2B,mean_pooled,4,__all__,22,0.25712286732899925
Gemma-2-2B,mean_pooled,4,authority_influence,12,0.2961178235927129
Gemma-2-2B,mean_pooled,4,mirroring,8,0.3309310079777453
Gemma-2-2B,mean_pooled,5,__all__,22,0.2977330989937287
Gemma-2-2B,mean_pooled,5,authority_influence,12,0.31349827592157153
Gemma-2-2B,mean_pooled,5,mirroring,8,0.37928119219084283
Gemma-2-2B,mean_pooled,6,__all__,22,0.33969588172615295
Gemma-2-2B,mean_pooled,6,authority_influence,12,0.3358434834392386
Gemma-2-2B,mean_pooled,6,mirroring,8,0.4220850686018981
Gemma-2-2B,mean_pooled,7,__all__,22,0.28937248001716437
Gemma-2-2B,mean_pooled,7,authority_influence,12,0.30298300835102476
Gemma-2-2B,mean_pooled,7,mirroring,8,0.38417472189635304
Gemma-2-2B,mean_pooled,8,__all__,22,0.39240390454882534
Gemma-2-2B,mean_pooled,8,authority_influence,12,0.34833691544907475
Gemma-2-2B,mean_pooled,8,mirroring,8,0.49685362711800596
Gemma-2-2B,mean_pooled,9,__all__,22,0.3654539025353704
Gemma-2-2B,mean_pooled,9,authority_influence,12,0.3583224960787713
Gemma-2-2B,mean_pooled,9,mirroring,8,0.47966239592551985
Gemma-2-2B,mean_pooled,10,__all__,22,0.43374983046834664
Gemma-2-2B,mean_pooled,10,authority_influence,12,0.40205733399663546
Gemma-2-2B,mean_pooled,10,mirroring,8,0.4986092959186969
Gemma-2-2B,mean_pooled,11,__all__,22,0.40996151337384185
Gemma-2-2B,mean_pooled,11,authority_influence,12,0.3802704084853988
Gemma-2-2B,mean_pooled,11,mirroring,8,0.43924044486130154
Gemma-2-2B,mean_pooled,12,__all__,22,0.4596306996818372
Gemma-2-2B,mean_pooled,12,authority_influence,12,0.40463862443035786
Gemma-2-2B,mean_pooled,12,mirroring,8,0.47704402699999127
Gemma-2-2B,mean_pooled,13,__all__,22,0.4132679921522513
Gemma-2-2B,mean_pooled,13,authority_influence,12,0.3909374696673956
Gemma-2-2B,mean_pooled,13,mirroring,8,0.44176907358772805
Gemma-2-2B,mean_pooled,14,__all__,22,0.4600083151632698
Gemma-2-2B,mean_pooled,14,authority_influence,12,0.41703096267241035
Gemma-2-2B,mean_pooled,14,mirroring,8,0.4649543880613791
Gemma-2-2B,mean_pooled,15,__all__,22,0.4719966927691562
Gemma-2-2B,mean_pooled,15,authority_influence,12,0.46042081459097634
Gemma-2-2B,mean_pooled,15,mirroring,8,0.4615983914373183
Gemma-2-2B,mean_pooled,16,__all__,22,0.3900812230879328
Gemma-2-2B,mean_pooled,16,authority_influence,12,0.3549585666229513
Gemma-2-2B,mean_pooled,16,mirroring,8,0.40474831170026715
Gemma-2-2B,mean_pooled,17,__all__,22,0.4982831435941158
Gemma-2-2B,mean_pooled,17,authority_influence,12,0.46164442035117964
Gemma-2-2B,mean_pooled,17,mirroring,8,0.4662406994959377
Gemma-2-2B,mean_pooled,18,__all__,22,0.4906432468836774
Gemma-2-2B,mean_pooled,18,authority_influence,12,0.4691234330590535
Gemma-2-2B,mean_pooled,18,mirroring,8,0.46896185272610397
Gemma-2-2B,mean_pooled,19,__all__,22,0.5067814063480506
Gemma-2-2B,mean_pooled,19,authority_influence,12,0.4786837660646521
Gemma-2-2B,mean_pooled,19,mirroring,8,0.4603231379674691
Gemma-2-2B,mean_pooled,20,__all__,22,0.38654323251815464
Gemma-2-2B,mean_pooled,20,authority_influence,12,0.38997658066821456
Gemma-2-2B,mean_pooled,20,mirroring,8,0.3936913939460442
Gemma-2-2B,mean_pooled,21,__all__,22,0.37582637501520866
Gemma-2-2B,mean_pooled,21,authority_influence,12,0.360722233748976
Gemma-2-2B,mean_pooled,21,mirroring,8,0.3937425032115672
Gemma-2-2B,mean_pooled,22,__all__,22,0.39626197267412694
Gemma-2-2B,mean_pooled,22,authority_influence,12,0.37225067710681625
Gemma-2-2B,mean_pooled,22,mirroring,8,0.39604469906699263
Gemma-2-2B,mean_pooled,23,__all__,22,0.40374675666254844
Gemma-2-2B,mean_pooled,23,authority_influence,12,0.39332667060318033
Gemma-2-2B,mean_pooled,23,mirroring,8,0.4016284886061808
Gemma-2-2B,mean_pooled,24,__all__,22,0.336983833661882
Gemma-2-2B,mean_pooled,24,authority_influence,12,0.33487400712187204
Gemma-2-2B,mean_pooled,24,mirroring,8,0.3475584380437641
Gemma-2-2B,mean_pooled,25,__all__,22,0.22176090660824888
Gemma-2-2B,mean_pooled,25,authority_influence,12,0.24502993107738813
Gemma-2-2B,mean_pooled,25,mirroring,8,0.21185228288794739
Gemma-2-2B,mean_pooled,26,__all__,22,0.17581996924631307
Gemma-2-2B,mean_pooled,26,authority_influence,12,0.20290645901352083
Gemma-2-2B,mean_pooled,26,mirroring,8,0.14623020570631937
