model,pair_id,domain,language,pooling,layer,turn_index,step_cosine_similarity,step_cosine_distance,cumulative_drift,cosine_distance_from_neutral
Qwen2.5-1.5B,RPS-F001,education_general_knowledge,en,last_token,0,0,,,0.0,0.0
Qwen2.5-1.5B,RPS-F001,education_general_knowledge,en,last_token,0,1,1.0,0.0,0.0,0.0
Qwen2.5-1.5B,RPS-F001,education_general_knowledge,en,last_token,0,2,1.0,0.0,0.0,0.0
Qwen2.5-1.5B,RPS-F001,education_general_knowledge,en,last_token,1,0,,,0.0,0.0
Qwen2.5-1.5B,RPS-F001,education_general_knowledge,en,last_token,1,1,0.9958034728225434,0.004196527177456555,0.004196527177456555,0.0041965271774565
Qwen2.5-1.5B,RPS-F001,education_general_knowledge,en,last_token,1,2,0.9975544070445027,0.002445592955497289,0.006642120132953844,0.0081434874059587
Qwen2.5-1.5B,RPS-F001,education_general_knowledge,en,last_token,2,0,,,0.0,0.0
Qwen2.5-1.5B,RPS-F001,education_general_knowledge,en,last_token,2,1,0.9879013297051904,0.0120986702948096,0.0120986702948096,0.0120986702948096
Qwen2.5-1.5B,RPS-F001,education_general_knowledge,en,last_token,2,2,0.9943379302314981,0.0056620697685019206,0.01776074006331152,0.0158872988949848
Qwen2.5-1.5B,RPS-F001,education_general_knowledge,en,last_token,3,0,,,0.0,0.0
Qwen2.5-1.5B,RPS-F001,education_general_knowledge,en,last_token,3,1,0.9802858804792056,0.019714119520794382,0.019714119520794382,0.0197141195207943
Qwen2.5-1.5B,RPS-F001,education_general_knowledge,en,last_token,3,2,0.9929647565449203,0.007035243455079665,0.026749362975874047,0.0268162760354295
Qwen2.5-1.5B,RPS-F001,education_general_knowledge,en,last_token,4,0,,,0.0,0.0
Qwen2.5-1.5B,RPS-F001,education_general_knowledge,en,last_token,4,1,0.9634470545978342,0.036552945402165804,0.036552945402165804,0.0365529454021658
Qwen2.5-1.5B,RPS-F001,education_general_knowledge,en,last_token,4,2,0.9878802199645499,0.012119780035450112,0.048672725437615916,0.0524964077680791
Qwen2.5-1.5B,RPS-F001,education_general_knowledge,en,last_token,5,0,,,0.0,0.0
Qwen2.5-1.5B,RPS-F001,education_general_knowledge,en,last_token,5,1,0.9573145049723173,0.04268549502768271,0.04268549502768271,0.0426854950276827
Qwen2.5-1.5B,RPS-F001,education_general_knowledge,en,last_token,5,2,0.984847611018382,0.01515238898161797,0.05783788400930068,0.0649982201591435
Qwen2.5-1.5B,RPS-F001,education_general_knowledge,en,last_token,6,0,,,0.0,-2.220446049250313e-16
Qwen2.5-1.5B,RPS-F001,education_general_knowledge,en,last_token,6,1,0.9683293689502578,0.031670631049742215,0.031670631049742215,0.0316706310497422
Qwen2.5-1.5B,RPS-F001,education_general_knowledge,en,last_token,6,2,0.986822216537814,0.01317778346218601,0.044848414511928225,0.0461144403788374
Qwen2.5-1.5B,RPS-F001,education_general_knowledge,en,last_token,7,0,,,0.0,0.0
Qwen2.5-1.5B,RPS-F001,education_general_knowledge,en,last_token,7,1,0.9725457570462682,0.027454242953731778,0.027454242953731778,0.0274542429537317
Qwen2.5-1.5B,RPS-F001,education_general_knowledge,en,last_token,7,2,0.990267633324892,0.009732366675108017,0.037186609628839795,0.035649189300344
Qwen2.5-1.5B,RPS-F001,education_general_knowledge,en,last_token,8,0,,,0.0,2.220446049250313e-16
Qwen2.5-1.5B,RPS-F001,education_general_knowledge,en,last_token,8,1,0.9663017003063632,0.0336982996936368,0.0336982996936368,0.0336982996936368
Qwen2.5-1.5B,RPS-F001,education_general_knowledge,en,last_token,8,2,0.9877191084960153,0.012280891503984703,0.045979191197621505,0.046537062643954
Qwen2.5-1.5B,RPS-F001,education_general_knowledge,en,last_token,9,0,,,0.0,-2.220446049250313e-16
Qwen2.5-1.5B,RPS-F001,education_general_knowledge,en,last_token,9,1,0.9414474665519716,0.058552533448028354,0.058552533448028354,0.0585525334480283
Qwen2.5-1.5B,RPS-F001,education_general_knowledge,en,last_token,9,2,0.9852846313637993,0.01471536863620071,0.07326790208422906,0.0624436006119523
Qwen2.5-1.5B,RPS-F001,education_general_knowledge,en,last_token,10,0,,,0.0,0.0
Qwen2.5-1.5B,RPS-F001,education_general_knowledge,en,last_token,10,1,0.916883854993837,0.08311614500616304,0.08311614500616304,0.083116145006163
Qwen2.5-1.5B,RPS-F001,education_general_knowledge,en,last_token,10,2,0.9827333920700227,0.01726660792997725,0.1003827529361403,0.0947143252441582
Qwen2.5-1.5B,RPS-F001,education_general_knowledge,en,last_token,11,0,,,0.0,0.0
Qwen2.5-1.5B,RPS-F001,education_general_knowledge,en,last_token,11,1,0.9310989665647336,0.06890103343526643,0.06890103343526643,0.0689010334352664
Qwen2.5-1.5B,RPS-F001,education_general_knowledge,en,last_token,11,2,0.9757247863873239,0.02427521361267615,0.09317624704794258,0.0849874137417221
Qwen2.5-1.5B,RPS-F001,education_general_knowledge,en,last_token,12,0,,,0.0,1.1102230246251563e-16
Qwen2.5-1.5B,RPS-F001,education_general_knowledge,en,last_token,12,1,0.9470776206307727,0.05292237936922728,0.05292237936922728,0.0529223793692272
Qwen2.5-1.5B,RPS-F001,education_general_knowledge,en,last_token,12,2,0.9794874244749366,0.02051257552506336,0.07343495489429064,0.0751056738352179
Qwen2.5-1.5B,RPS-F001,education_general_knowledge,en,last_token,13,0,,,0.0,-2.220446049250313e-16
Qwen2.5-1.5B,RPS-F001,education_general_knowledge,en,last_token,13,1,0.9460709691599523,0.05392903084004774,0.05392903084004774,0.0539290308400477
Qwen2.5-1.5B,RPS-F001,education_general_knowledge,en,last_token,13,2,0.9827505340477366,0.0172494659522634,0.07117849679231114,0.0686681550514201
Qwen2.5-1.5B,RPS-F001,education_general_knowledge,en,last_token,14,0,,,0.0,2.220446049250313e-16
Qwen2.5-1.5B,RPS-F001,education_general_knowledge,en,last_token,14,1,0.9125810533338666,0.08741894666613337,0.08741894666613337,0.0874189466661333
Qwen2.5-1.5B,RPS-F001,education_general_knowledge,en,last_token,14,2,0.9730611813538188,0.026938818646181195,0.11435776531231456,0.1002799703272961
Qwen2.5-1.5B,RPS-F001,education_general_knowledge,en,last_token,15,0,,,0.0,0.0
Qwen2.5-1.5B,RPS-F001,education_general_knowledge,en,last_token,15,1,0.9288612218181641,0.0711387781818359,0.0711387781818359,0.0711387781818359
Qwen2.5-1.5B,RPS-F001,education_general_knowledge,en,last_token,15,2,0.9778826679165308,0.02211733208346922,0.09325611026530511,0.0802123715977304
Qwen2.5-1.5B,RPS-F001,education_general_knowledge,en,last_token,16,0,,,0.0,0.0
Qwen2.5-1.5B,RPS-F001,education_general_knowledge,en,last_token,16,1,0.8955136694669972,0.10448633053300282,0.10448633053300282,0.1044863305330028
Qwen2.5-1.5B,RPS-F001,education_general_knowledge,en,last_token,16,2,0.9714353009290949,0.028564699070905086,0.1330510296039079,0.1033237605557875
Qwen2.5-1.5B,RPS-F001,education_general_knowledge,en,last_token,17,0,,,0.0,0.0
Qwen2.5-1.5B,RPS-F001,education_general_knowledge,en,last_token,17,1,0.8635064918335552,0.1364935081664448,0.1364935081664448,0.1364935081664448
Qwen2.5-1.5B,RPS-F001,education_general_knowledge,en,last_token,17,2,0.9672337260006266,0.032766273999373374,0.16925978216581816,0.1122618828979061
Qwen2.5-1.5B,RPS-F001,education_general_knowledge,en,last_token,18,0,,,0.0,1.1102230246251563e-16
Qwen2.5-1.5B,RPS-F001,education_general_knowledge,en,last_token,18,1,0.8444692525637889,0.1555307474362111,0.1555307474362111,0.1555307474362111
Qwen2.5-1.5B,RPS-F001,education_general_knowledge,en,last_token,18,2,0.9606136498583422,0.03938635014165781,0.1949170975778689,0.1154574881829059
Qwen2.5-1.5B,RPS-F001,education_general_knowledge,en,last_token,19,0,,,0.0,-2.220446049250313e-16
Qwen2.5-1.5B,RPS-F001,education_general_knowledge,en,last_token,19,1,0.8288048794725215,0.17119512052747854,0.17119512052747854,0.1711951205274785
Qwen2.5-1.5B,RPS-F001,education_general_knowledge,en,last_token,19,2,0.9597442330702488,0.04025576692975119,0.21145088745722973,0.131893928209698
Qwen2.5-1.5B,RPS-F001,education_general_knowledge,en,last_token,20,0,,,0.0,0.0
Qwen2.5-1.5B,RPS-F001,education_general_knowledge,en,last_token,20,1,0.8329984533298068,0.16700154667019318,0.16700154667019318,0.1670015466701931
Qwen2.5-1.5B,RPS-F001,education_general_knowledge,en,last_token,20,2,0.9619158662657723,0.0380841337342277,0.20508568040442088,0.1364462617491083
Qwen2.5-1.5B,RPS-F001,education_general_knowledge,en,last_token,21,0,,,0.0,0.0
Qwen2.5-1.5B,RPS-F001,education_general_knowledge,en,last_token,21,1,0.7456199247071302,0.25438007529286977,0.25438007529286977,0.2543800752928697
Qwen2.5-1.5B,RPS-F001,education_general_knowledge,en,last_token,21,2,0.9465247125889522,0.05347528741104779,0.30785536270391756,0.1884468523327722
Qwen2.5-1.5B,RPS-F001,education_general_knowledge,en,last_token,22,0,,,0.0,0.0
Qwen2.5-1.5B,RPS-F001,education_general_knowledge,en,last_token,22,1,0.7270372263139281,0.2729627736860719,0.2729627736860719,0.2729627736860719
Qwen2.5-1.5B,RPS-F001,education_general_knowledge,en,last_token,22,2,0.9444034132135691,0.05559658678643087,0.3285593604725028,0.1881580786853102
Qwen2.5-1.5B,RPS-F001,education_general_knowledge,en,last_token,23,0,,,0.0,0.0
Qwen2.5-1.5B,RPS-F001,education_general_knowledge,en,last_token,23,1,0.6700759657112191,0.3299240342887809,0.3299240342887809,0.3299240342887809
Qwen2.5-1.5B,RPS-F001,education_general_knowledge,en,last_token,23,2,0.935924966589205,0.06407503341079501,0.39399906769957593,0.2076517733476924
Qwen2.5-1.5B,RPS-F001,education_general_knowledge,en,last_token,24,0,,,0.0,0.0
Qwen2.5-1.5B,RPS-F001,education_general_knowledge,en,last_token,24,1,0.6883070837942918,0.31169291620570816,0.31169291620570816,0.3116929162057081
Qwen2.5-1.5B,RPS-F001,education_general_knowledge,en,last_token,24,2,0.9326446986228709,0.06735530137712908,0.37904821758283724,0.18256909567151
Qwen2.5-1.5B,RPS-F001,education_general_knowledge,en,last_token,25,0,,,0.0,0.0
Qwen2.5-1.5B,RPS-F001,education_general_knowledge,en,last_token,25,1,0.7010851816360916,0.29891481836390843,0.29891481836390843,0.2989148183639084
Qwen2.5-1.5B,RPS-F001,education_general_knowledge,en,last_token,25,2,0.9334349520806102,0.06656504791938977,0.3654798662832982,0.1789722244025468
Qwen2.5-1.5B,RPS-F001,education_general_knowledge,en,last_token,26,0,,,0.0,0.0
Qwen2.5-1.5B,RPS-F001,education_general_knowledge,en,last_token,26,1,0.7735936172638743,0.22640638273612568,0.22640638273612568,0.2264063827361256
Qwen2.5-1.5B,RPS-F001,education_general_knowledge,en,last_token,26,2,0.9483495746135369,0.05165042538646314,0.2780568081225888,0.1346221434055801
Qwen2.5-1.5B,RPS-F001,education_general_knowledge,en,last_token,27,0,,,0.0,-2.220446049250313e-16
Qwen2.5-1.5B,RPS-F001,education_general_knowledge,en,last_token,27,1,0.8490125877187215,0.15098741228127854,0.15098741228127854,0.1509874122812785
Qwen2.5-1.5B,RPS-F001,education_general_knowledge,en,last_token,27,2,0.964581046130008,0.035418953869992054,0.1864063661512706,0.0932168729221384
Qwen2.5-1.5B,RPS-F001,education_general_knowledge,en,last_token,28,0,,,0.0,0.0
Qwen2.5-1.5B,RPS-F001,education_general_knowledge,en,last_token,28,1,0.7961255286421585,0.20387447135784154,0.20387447135784154,0.2038744713578415
Qwen2.5-1.5B,RPS-F001,education_general_knowledge,en,last_token,28,2,0.943862537211331,0.056137462788669046,0.2600119341465106,0.1254905437848269
Qwen2.5-1.5B,RPS-F001,education_general_knowledge,en,mean_pooled,0,0,,,0.0,0.0
Qwen2.5-1.5B,RPS-F001,education_general_knowledge,en,mean_pooled,0,1,0.7093391544927471,0.2906608455072529,0.2906608455072529,0.2906608455072529
Qwen2.5-1.5B,RPS-F001,education_general_knowledge,en,mean_pooled,0,2,0.7130089015679886,0.2869910984320114,0.5776519439392643,0.3069988945212661
Qwen2.5-1.5B,RPS-F001,education_general_knowledge,en,mean_pooled,1,0,,,0.0,-2.220446049250313e-16
Qwen2.5-1.5B,RPS-F001,education_general_knowledge,en,mean_pooled,1,1,0.842361113462995,0.15763888653700497,0.15763888653700497,0.1576388865370049
Qwen2.5-1.5B,RPS-F001,education_general_knowledge,en,mean_pooled,1,2,0.9057912140137148,0.09420878598628524,0.2518476725232902,0.1350948212762224
Qwen2.5-1.5B,RPS-F001,education_general_knowledge,en,mean_pooled,2,0,,,0.0,0.0
Qwen2.5-1.5B,RPS-F001,education_general_knowledge,en,mean_pooled,2,1,0.9153082115380063,0.08469178846199366,0.08469178846199366,0.0846917884619936
Qwen2.5-1.5B,RPS-F001,education_general_knowledge,en,mean_pooled,2,2,0.9431433532630897,0.056856646736910266,0.14154843519890392,0.0737414918392151
Qwen2.5-1.5B,RPS-F001,education_general_knowledge,en,mean_pooled,3,0,,,0.0,-2.220446049250313e-16
Qwen2.5-1.5B,RPS-F001,education_general_knowledge,en,mean_pooled,3,1,0.9098601652724431,0.09013983472755693,0.09013983472755693,0.0901398347275569
Qwen2.5-1.5B,RPS-F001,education_general_knowledge,en,mean_pooled,3,2,0.9332178215189476,0.06678217848105239,0.15692201320860932,0.0808071516146907
Qwen2.5-1.5B,RPS-F001,education_general_knowledge,en,mean_pooled,4,0,,,0.0,1.1102230246251563e-16
Qwen2.5-1.5B,RPS-F001,education_general_knowledge,en,mean_pooled,4,1,0.9094404981891135,0.09055950181088646,0.09055950181088646,0.0905595018108864
Qwen2.5-1.5B,RPS-F001,education_general_knowledge,en,mean_pooled,4,2,0.9369632716899322,0.06303672831006779,0.15359623012095425,0.0784771915536135
Qwen2.5-1.5B,RPS-F001,education_general_knowledge,en,mean_pooled,5,0,,,0.0,0.0
Qwen2.5-1.5B,RPS-F001,education_general_knowledge,en,mean_pooled,5,1,0.9044307054472434,0.09556929455275665,0.09556929455275665,0.0955692945527566
Qwen2.5-1.5B,RPS-F001,education_general_knowledge,en,mean_pooled,5,2,0.9315582811001414,0.06844171889985862,0.16401101345261526,0.0785097158408028
Qwen2.5-1.5B,RPS-F001,education_general_knowledge,en,mean_pooled,6,0,,,0.0,0.0
Qwen2.5-1.5B,RPS-F001,education_general_knowledge,en,mean_pooled,6,1,0.915978248503575,0.08402175149642499,0.08402175149642499,0.0840217514964249
Qwen2.5-1.5B,RPS-F001,education_general_knowledge,en,mean_pooled,6,2,0.9398750816709146,0.0601249183290854,0.1441466698255104,0.0704830688289913
Qwen2.5-1.5B,RPS-F001,education_general_knowledge,en,mean_pooled,7,0,,,0.0,-2.220446049250313e-16
Qwen2.5-1.5B,RPS-F001,education_general_knowledge,en,mean_pooled,7,1,0.9185183743470906,0.0814816256529094,0.0814816256529094,0.0814816256529094
Qwen2.5-1.5B,RPS-F001,education_general_knowledge,en,mean_pooled,7,2,0.9418213662327989,0.058178633767201116,0.1396602594201105,0.0660127976464539
Qwen2.5-1.5B,RPS-F001,education_general_knowledge,en,mean_pooled,8,0,,,0.0,-2.220446049250313e-16
Qwen2.5-1.5B,RPS-F001,education_general_knowledge,en,mean_pooled,8,1,0.9174837930593676,0.08251620694063244,0.08251620694063244,0.0825162069406324
Qwen2.5-1.5B,RPS-F001,education_general_knowledge,en,mean_pooled,8,2,0.9394089863366109,0.06059101366338915,0.1431072206040216,0.0658826490698691
Qwen2.5-1.5B,RPS-F001,education_general_knowledge,en,mean_pooled,9,0,,,0.0,0.0
Qwen2.5-1.5B,RPS-F001,education_general_knowledge,en,mean_pooled,9,1,0.9139635974442554,0.08603640255574463,0.08603640255574463,0.0860364025557446
Qwen2.5-1.5B,RPS-F001,education_general_knowledge,en,mean_pooled,9,2,0.937660734563717,0.06233926543628299,0.14837566799202762,0.0678002983346739
Qwen2.5-1.5B,RPS-F001,education_general_knowledge,en,mean_pooled,10,0,,,0.0,1.1102230246251563e-16
Qwen2.5-1.5B,RPS-F001,education_general_knowledge,en,mean_pooled,10,1,0.9078241042036475,0.09217589579635255,0.09217589579635255,0.0921758957963525
Qwen2.5-1.5B,RPS-F001,education_general_knowledge,en,mean_pooled,10,2,0.9284656358283019,0.07153436417169812,0.16371025996805066,0.0715572369708298
Qwen2.5-1.5B,RPS-F001,education_general_knowledge,en,mean_pooled,11,0,,,0.0,0.0
Qwen2.5-1.5B,RPS-F001,education_general_knowledge,en,mean_pooled,11,1,0.9122603174800463,0.08773968251995368,0.08773968251995368,0.0877396825199536
Qwen2.5-1.5B,RPS-F001,education_general_knowledge,en,mean_pooled,11,2,0.9253227475181769,0.07467725248182311,0.16241693500177679,0.0700902989429758
Qwen2.5-1.5B,RPS-F001,education_general_knowledge,en,mean_pooled,12,0,,,0.0,-2.220446049250313e-16
Qwen2.5-1.5B,RPS-F001,education_general_knowledge,en,mean_pooled,12,1,0.9221209051696894,0.07787909483031064,0.07787909483031064,0.0778790948303106
Qwen2.5-1.5B,RPS-F001,education_general_knowledge,en,mean_pooled,12,2,0.931556094309261,0.068443905690739,0.14632300052104963,0.0645042110113693
Qwen2.5-1.5B,RPS-F001,education_general_knowledge,en,mean_pooled,13,0,,,0.0,0.0
Qwen2.5-1.5B,RPS-F001,education_general_knowledge,en,mean_pooled,13,1,0.9267729368413823,0.07322706315861771,0.07322706315861771,0.0732270631586177
Qwen2.5-1.5B,RPS-F001,education_general_knowledge,en,mean_pooled,13,2,0.9349392777138338,0.06506072228616622,0.13828778544478393,0.0605334349632937
Qwen2.5-1.5B,RPS-F001,education_general_knowledge,en,mean_pooled,14,0,,,0.0,1.1102230246251563e-16
Qwen2.5-1.5B,RPS-F001,education_general_knowledge,en,mean_pooled,14,1,0.9266786251078083,0.0733213748921917,0.0733213748921917,0.0733213748921917
Qwen2.5-1.5B,RPS-F001,education_general_knowledge,en,mean_pooled,14,2,0.9329313249016606,0.06706867509833936,0.14039004999053106,0.0604328476126477
Qwen2.5-1.5B,RPS-F001,education_general_knowledge,en,mean_pooled,15,0,,,0.0,-2.220446049250313e-16
Qwen2.5-1.5B,RPS-F001,education_general_knowledge,en,mean_pooled,15,1,0.9217332947053992,0.07826670529460078,0.07826670529460078,0.0782667052946007
Qwen2.5-1.5B,RPS-F001,education_general_knowledge,en,mean_pooled,15,2,0.9266963939267773,0.07330360607322273,0.1515703113678235,0.0661390829014865
Qwen2.5-1.5B,RPS-F001,education_general_knowledge,en,mean_pooled,16,0,,,0.0,0.0
Qwen2.5-1.5B,RPS-F001,education_general_knowledge,en,mean_pooled,16,1,0.9228864163406213,0.0771135836593787,0.0771135836593787,0.0771135836593787
Qwen2.5-1.5B,RPS-F001,education_general_knowledge,en,mean_pooled,16,2,0.9310142438987826,0.06898575610121738,0.14609933976059608,0.0634717762546721
Qwen2.5-1.5B,RPS-F001,education_general_knowledge,en,mean_pooled,17,0,,,0.0,-2.220446049250313e-16
Qwen2.5-1.5B,RPS-F001,education_general_knowledge,en,mean_pooled,17,1,0.9246283562341705,0.0753716437658295,0.0753716437658295,0.0753716437658295
Qwen2.5-1.5B,RPS-F001,education_general_knowledge,en,mean_pooled,17,2,0.9368492133583306,0.0631507866416694,0.1385224304074989,0.0634990224604766
Qwen2.5-1.5B,RPS-F001,education_general_knowledge,en,mean_pooled,18,0,,,0.0,0.0
Qwen2.5-1.5B,RPS-F001,education_general_knowledge,en,mean_pooled,18,1,0.9211480099170942,0.07885199008290578,0.07885199008290578,0.0788519900829057
Qwen2.5-1.5B,RPS-F001,education_general_knowledge,en,mean_pooled,18,2,0.9359199783420825,0.06408002165791749,0.14293201174082326,0.0659298712247349
Qwen2.5-1.5B,RPS-F001,education_general_knowledge,en,mean_pooled,19,0,,,0.0,0.0
Qwen2.5-1.5B,RPS-F001,education_general_knowledge,en,mean_pooled,19,1,0.920826053105862,0.07917394689413804,0.07917394689413804,0.079173946894138
Qwen2.5-1.5B,RPS-F001,education_general_knowledge,en,mean_pooled,19,2,0.9372120469819886,0.06278795301801143,0.14196189991214947,0.0679959153144972
Qwen2.5-1.5B,RPS-F001,education_general_knowledge,en,mean_pooled,20,0,,,0.0,0.0
Qwen2.5-1.5B,RPS-F001,education_general_knowledge,en,mean_pooled,20,1,0.9124772974711425,0.08752270252885752,0.08752270252885752,0.0875227025288575
Qwen2.5-1.5B,RPS-F001,education_general_knowledge,en,mean_pooled,20,2,0.923600875995146,0.07639912400485405,0.16392182653371157,0.0766478185453701
Qwen2.5-1.5B,RPS-F001,education_general_knowledge,en,mean_pooled,21,0,,,0.0,-2.220446049250313e-16
Qwen2.5-1.5B,RPS-F001,education_general_knowledge,en,mean_pooled,21,1,0.916770771724803,0.08322922827519696,0.08322922827519696,0.0832292282751969
Qwen2.5-1.5B,RPS-F001,education_general_knowledge,en,mean_pooled,21,2,0.92818094331524,0.07181905668475996,0.15504828495995693,0.0715866153675559
Qwen2.5-1.5B,RPS-F001,education_general_knowledge,en,mean_pooled,22,0,,,0.0,0.0
Qwen2.5-1.5B,RPS-F001,education_general_knowledge,en,mean_pooled,22,1,0.9344276050780961,0.06557239492190392,0.06557239492190392,0.0655723949219039
Qwen2.5-1.5B,RPS-F001,education_general_knowledge,en,mean_pooled,22,2,0.9476091843638424,0.05239081563615755,0.11796321055806147,0.0563662244148337
Qwen2.5-1.5B,RPS-F001,education_general_knowledge,en,mean_pooled,23,0,,,0.0,0.0
Qwen2.5-1.5B,RPS-F001,education_general_knowledge,en,mean_pooled,23,1,0.9423333546936266,0.05766664530637344,0.05766664530637344,0.0576666453063734
Qwen2.5-1.5B,RPS-F001,education_general_knowledge,en,mean_pooled,23,2,0.9503416065358474,0.04965839346415257,0.10732503877052602,0.0513115520903371
Qwen2.5-1.5B,RPS-F001,education_general_knowledge,en,mean_pooled,24,0,,,0.0,-2.220446049250313e-16
Qwen2.5-1.5B,RPS-F001,education_general_knowledge,en,mean_pooled,24,1,0.9562281306375806,0.04377186936241939,0.04377186936241939,0.0437718693624193
Qwen2.5-1.5B,RPS-F001,education_general_knowledge,en,mean_pooled,24,2,0.9615138834857804,0.038486116514219626,0.08225798587663902,0.0392963243393116
Qwen2.5-1.5B,RPS-F001,education_general_knowledge,en,mean_pooled,25,0,,,0.0,-2.220446049250313e-16
Qwen2.5-1.5B,RPS-F001,education_general_knowledge,en,mean_pooled,25,1,0.9630059178874903,0.03699408211250965,0.03699408211250965,0.0369940821125096
Qwen2.5-1.5B,RPS-F001,education_general_knowledge,en,mean_pooled,25,2,0.9674652328592656,0.032534767140734444,0.0695288492532441,0.0343411597574603
Qwen2.5-1.5B,RPS-F001,education_general_knowledge,en,mean_pooled,26,0,,,0.0,-2.220446049250313e-16
Qwen2.5-1.5B,RPS-F001,education_general_knowledge,en,mean_pooled,26,1,0.9690323369931853,0.03096766300681475,0.03096766300681475,0.0309676630068147
Qwen2.5-1.5B,RPS-F001,education_general_knowledge,en,mean_pooled,26,2,0.9724680115802224,0.027531988419777553,0.0584996514265923,0.0305207027722302
Qwen2.5-1.5B,RPS-F001,education_general_knowledge,en,mean_pooled,27,0,,,0.0,1.1102230246251563e-16
Qwen2.5-1.5B,RPS-F001,education_general_knowledge,en,mean_pooled,27,1,0.9794473415857868,0.020552658414213165,0.020552658414213165,0.0205526584142131
Qwen2.5-1.5B,RPS-F001,education_general_knowledge,en,mean_pooled,27,2,0.9816723599715195,0.01832764002848053,0.038880298442693695,0.0211927938648585
Qwen2.5-1.5B,RPS-F001,education_general_knowledge,en,mean_pooled,28,0,,,0.0,0.0
Qwen2.5-1.5B,RPS-F001,education_general_knowledge,en,mean_pooled,28,1,0.955707946041718,0.04429205395828195,0.04429205395828195,0.0442920539582819
Qwen2.5-1.5B,RPS-F001,education_general_knowledge,en,mean_pooled,28,2,0.9629690779272163,0.03703092207278369,0.08132297603106564,0.0388905956280462
Qwen2.5-1.5B,RPS-F002,education_general_knowledge,en,last_token,0,0,,,0.0,0.0
Qwen2.5-1.5B,RPS-F002,education_general_knowledge,en,last_token,0,1,1.0,0.0,0.0,0.0
Qwen2.5-1.5B,RPS-F002,education_general_knowledge,en,last_token,0,2,1.0,0.0,0.0,0.0
Qwen2.5-1.5B,RPS-F002,education_general_knowledge,en,last_token,1,0,,,0.0,0.0
Qwen2.5-1.5B,RPS-F002,education_general_knowledge,en,last_token,1,1,0.9969343558716829,0.003065644128317113,0.003065644128317113,0.0030656441283171
Qwen2.5-1.5B,RPS-F002,education_general_knowledge,en,last_token,1,2,0.9981718519975821,0.0018281480024179286,0.004893792130735042,0.0059235527971326
Qwen2.5-1.5B,RPS-F002,education_general_knowledge,en,last_token,2,0,,,0.0,-2.220446049250313e-16
Qwen2.5-1.5B,RPS-F002,education_general_knowledge,en,last_token,2,1,0.9908407996409384,0.009159200359061592,0.009159200359061592,0.0091592003590615
Qwen2.5-1.5B,RPS-F002,education_general_knowledge,en,last_token,2,2,0.9956745881002077,0.0043254118997922975,0.01348461225885389,0.0146151360092083
Qwen2.5-1.5B,RPS-F002,education_general_knowledge,en,last_token,3,0,,,0.0,-2.220446049250313e-16
Qwen2.5-1.5B,RPS-F002,education_general_knowledge,en,last_token,3,1,0.9856876110143268,0.014312388985673219,0.014312388985673219,0.0143123889856732
Qwen2.5-1.5B,RPS-F002,education_general_knowledge,en,last_token,3,2,0.9943002410296888,0.005699758970311164,0.020012147955984383,0.0223692443864709
Qwen2.5-1.5B,RPS-F002,education_general_knowledge,en,last_token,4,0,,,0.0,0.0
Qwen2.5-1.5B,RPS-F002,education_general_knowledge,en,last_token,4,1,0.9706936389098195,0.029306361090180477,0.029306361090180477,0.0293063610901804
Qwen2.5-1.5B,RPS-F002,education_general_knowledge,en,last_token,4,2,0.98996301685004,0.010036983149960044,0.03934334424014052,0.0456227113661218
Qwen2.5-1.5B,RPS-F002,education_general_knowledge,en,last_token,5,0,,,0.0,0.0
Qwen2.5-1.5B,RPS-F002,education_general_knowledge,en,last_token,5,1,0.9627928913825539,0.03720710861744614,0.03720710861744614,0.0372071086174461
Qwen2.5-1.5B,RPS-F002,education_general_knowledge,en,last_token,5,2,0.9862063695826275,0.013793630417372471,0.05100073903481861,0.057768182059783
Qwen2.5-1.5B,RPS-F002,education_general_knowledge,en,last_token,6,0,,,0.0,0.0
Qwen2.5-1.5B,RPS-F002,education_general_knowledge,en,last_token,6,1,0.973112653281143,0.026887346718856953,0.026887346718856953,0.0268873467188569
Qwen2.5-1.5B,RPS-F002,education_general_knowledge,en,last_token,6,2,0.9875817006000593,0.012418299399940658,0.03930564611879761,0.0463538749542583
Qwen2.5-1.5B,RPS-F002,education_general_knowledge,en,last_token,7,0,,,0.0,2.220446049250313e-16
Qwen2.5-1.5B,RPS-F002,education_general_knowledge,en,last_token,7,1,0.9725547967946255,0.02744520320537447,0.02744520320537447,0.0274452032053744
Qwen2.5-1.5B,RPS-F002,education_general_knowledge,en,last_token,7,2,0.99006859636053,0.009931403639469982,0.03737660684484445,0.0431239237450614
Qwen2.5-1.5B,RPS-F002,education_general_knowledge,en,last_token,8,0,,,0.0,2.220446049250313e-16
Qwen2.5-1.5B,RPS-F002,education_general_knowledge,en,last_token,8,1,0.9646647306189033,0.03533526938109666,0.03533526938109666,0.0353352693810966
Qwen2.5-1.5B,RPS-F002,education_general_knowledge,en,last_token,8,2,0.9873072985835732,0.012692701416426755,0.04802797079752341,0.054007083780446
Qwen2.5-1.5B,RPS-F002,education_general_knowledge,en,last_token,9,0,,,0.0,2.220446049250313e-16
Qwen2.5-1.5B,RPS-F002,education_general_knowledge,en,last_token,9,1,0.9319072848219699,0.06809271517803006,0.06809271517803006,0.06809271517803
Qwen2.5-1.5B,RPS-F002,education_general_knowledge,en,last_token,9,2,0.9857674502985319,0.014232549701468145,0.0823252648794982,0.0760799405876923
Qwen2.5-1.5B,RPS-F002,education_general_knowledge,en,last_token,10,0,,,0.0,-2.220446049250313e-16
Qwen2.5-1.5B,RPS-F002,education_general_knowledge,en,last_token,10,1,0.9034880519764186,0.09651194802358143,0.09651194802358143,0.0965119480235814
Qwen2.5-1.5B,RPS-F002,education_general_knowledge,en,last_token,10,2,0.9824381521631352,0.017561847836864763,0.11407379586044619,0.1098364294299963
Qwen2.5-1.5B,RPS-F002,education_general_knowledge,en,last_token,11,0,,,0.0,-2.220446049250313e-16
Qwen2.5-1.5B,RPS-F002,education_general_knowledge,en,last_token,11,1,0.9182349442975609,0.08176505570243908,0.08176505570243908,0.081765055702439
Qwen2.5-1.5B,RPS-F002,education_general_knowledge,en,last_token,11,2,0.9762218569980791,0.023778143001920937,0.10554319870436002,0.0961054201180199
Qwen2.5-1.5B,RPS-F002,education_general_knowledge,en,last_token,12,0,,,0.0,1.1102230246251563e-16
Qwen2.5-1.5B,RPS-F002,education_general_knowledge,en,last_token,12,1,0.9409637077882964,0.05903629221170359,0.05903629221170359,0.0590362922117035
Qwen2.5-1.5B,RPS-F002,education_general_knowledge,en,last_token,12,2,0.9780974083214398,0.021902591678560235,0.08093888389026382,0.0799915157740586
Qwen2.5-1.5B,RPS-F002,education_general_knowledge,en,last_token,13,0,,,0.0,1.1102230246251563e-16
Qwen2.5-1.5B,RPS-F002,education_general_knowledge,en,last_token,13,1,0.9411879731103944,0.05881202688960563,0.05881202688960563,0.0588120268896056
Qwen2.5-1.5B,RPS-F002,education_general_knowledge,en,last_token,13,2,0.9830061964667968,0.016993803533203233,0.07580583042280886,0.072325698778372
Qwen2.5-1.5B,RPS-F002,education_general_knowledge,en,last_token,14,0,,,0.0,0.0
Qwen2.5-1.5B,RPS-F002,education_general_knowledge,en,last_token,14,1,0.9101270075394696,0.08987299246053038,0.08987299246053038,0.0898729924605303
Qwen2.5-1.5B,RPS-F002,education_general_knowledge,en,last_token,14,2,0.9710607736201367,0.028939226379863348,0.11881221884039372,0.103737287474575
Qwen2.5-1.5B,RPS-F002,education_general_knowledge,en,last_token,15,0,,,0.0,0.0
Qwen2.5-1.5B,RPS-F002,education_general_knowledge,en,last_token,15,1,0.9267761979002388,0.0732238020997612,0.0732238020997612,0.0732238020997612
Qwen2.5-1.5B,RPS-F002,education_general_knowledge,en,last_token,15,2,0.9769971883732202,0.02300281162677975,0.09622661372654095,0.0781540946001848
Qwen2.5-1.5B,RPS-F002,education_general_knowledge,en,last_token,16,0,,,0.0,1.1102230246251563e-16
Qwen2.5-1.5B,RPS-F002,education_general_knowledge,en,last_token,16,1,0.8966339670696899,0.1033660329303101,0.1033660329303101,0.1033660329303101
Qwen2.5-1.5B,RPS-F002,education_general_knowledge,en,last_token,16,2,0.9744026771057254,0.025597322894274632,0.12896335582458474,0.1033402070655024
Qwen2.5-1.5B,RPS-F002,education_general_knowledge,en,last_token,17,0,,,0.0,0.0
Qwen2.5-1.5B,RPS-F002,education_general_knowledge,en,last_token,17,1,0.8702564269167826,0.12974357308321738,0.12974357308321738,0.1297435730832173
Qwen2.5-1.5B,RPS-F002,education_general_knowledge,en,last_token,17,2,0.9714145740870049,0.028585425912995066,0.15832899899621244,0.1167364138388747
Qwen2.5-1.5B,RPS-F002,education_general_knowledge,en,last_token,18,0,,,0.0,0.0
Qwen2.5-1.5B,RPS-F002,education_general_knowledge,en,last_token,18,1,0.8476616153839208,0.15233838461607918,0.15233838461607918,0.1523383846160791
Qwen2.5-1.5B,RPS-F002,education_general_knowledge,en,last_token,18,2,0.9655165028182813,0.034483497181718725,0.1868218817977979,0.1329860701813748
Qwen2.5-1.5B,RPS-F002,education_general_knowledge,en,last_token,19,0,,,0.0,1.1102230246251563e-16
Qwen2.5-1.5B,RPS-F002,education_general_knowledge,en,last_token,19,1,0.8293093161229518,0.17069068387704822,0.17069068387704822,0.1706906838770482
Qwen2.5-1.5B,RPS-F002,education_general_knowledge,en,last_token,19,2,0.9611898970989562,0.03881010290104381,0.20950078677809203,0.1555936919779137
Qwen2.5-1.5B,RPS-F002,education_general_knowledge,en,last_token,20,0,,,0.0,1.1102230246251563e-16
Qwen2.5-1.5B,RPS-F002,education_general_knowledge,en,last_token,20,1,0.8277733696589231,0.17222663034107688,0.17222663034107688,0.1722266303410768
Qwen2.5-1.5B,RPS-F002,education_general_knowledge,en,last_token,20,2,0.9610904996028455,0.03890950039715446,0.21113613073823134,0.1716052863983002
Qwen2.5-1.5B,RPS-F002,education_general_knowledge,en,last_token,21,0,,,0.0,0.0
Qwen2.5-1.5B,RPS-F002,education_general_knowledge,en,last_token,21,1,0.7214836681621236,0.2785163318378764,0.2785163318378764,0.2785163318378764
Qwen2.5-1.5B,RPS-F002,education_general_knowledge,en,last_token,21,2,0.950533774787364,0.049466225212635995,0.3279825570505124,0.2604973286523778
Qwen2.5-1.5B,RPS-F002,education_general_knowledge,en,last_token,22,0,,,0.0,2.220446049250313e-16
Qwen2.5-1.5B,RPS-F002,education_general_knowledge,en,last_token,22,1,0.71095055857761,0.28904944142239,0.28904944142239,0.28904944142239
Qwen2.5-1.5B,RPS-F002,education_general_knowledge,en,last_token,22,2,0.9519516856825718,0.048048314317428176,0.33709775573981815,0.2655317975705028
Qwen2.5-1.5B,RPS-F002,education_general_knowledge,en,last_token,23,0,,,0.0,0.0
Qwen2.5-1.5B,RPS-F002,education_general_knowledge,en,last_token,23,1,0.6668639373351293,0.3331360626648707,0.3331360626648707,0.3331360626648707
Qwen2.5-1.5B,RPS-F002,education_general_knowledge,en,last_token,23,2,0.9382910548918131,0.06170894510818692,0.39484500777305764,0.2799667517530472
Qwen2.5-1.5B,RPS-F002,education_general_knowledge,en,last_token,24,0,,,0.0,-2.220446049250313e-16
Qwen2.5-1.5B,RPS-F002,education_general_knowledge,en,last_token,24,1,0.6950813252899452,0.30491867471005485,0.30491867471005485,0.3049186747100548
Qwen2.5-1.5B,RPS-F002,education_general_knowledge,en,last_token,24,2,0.9396561245102579,0.06034387548974207,0.3652625501997969,0.2296405887898583
Qwen2.5-1.5B,RPS-F002,education_general_knowledge,en,last_token,25,0,,,0.0,-2.220446049250313e-16
Qwen2.5-1.5B,RPS-F002,education_general_knowledge,en,last_token,25,1,0.6981967893711805,0.30180321062881954,0.30180321062881954,0.3018032106288195
Qwen2.5-1.5B,RPS-F002,education_general_knowledge,en,last_token,25,2,0.9369622021053351,0.0630377978946649,0.36484100852348444,0.2224922542645206
Qwen2.5-1.5B,RPS-F002,education_general_knowledge,en,last_token,26,0,,,0.0,0.0
Qwen2.5-1.5B,RPS-F002,education_general_knowledge,en,last_token,26,1,0.7648583518633322,0.23514164813666782,0.23514164813666782,0.2351416481366678
Qwen2.5-1.5B,RPS-F002,education_general_knowledge,en,last_token,26,2,0.9497340931377783,0.050265906862221654,0.2854075549988895,0.1761732959433277
Qwen2.5-1.5B,RPS-F002,education_general_knowledge,en,last_token,27,0,,,0.0,-2.220446049250313e-16
Qwen2.5-1.5B,RPS-F002,education_general_knowledge,en,last_token,27,1,0.8372567333622398,0.16274326663776018,0.16274326663776018,0.1627432666377601
Qwen2.5-1.5B,RPS-F002,education_general_knowledge,en,last_token,27,2,0.9645081552137019,0.03549184478629808,0.19823511142405825,0.1254746704734409
Qwen2.5-1.5B,RPS-F002,education_general_knowledge,en,last_token,28,0,,,0.0,-2.220446049250313e-16
Qwen2.5-1.5B,RPS-F002,education_general_knowledge,en,last_token,28,1,0.7941698385794859,0.20583016142051413,0.20583016142051413,0.2058301614205141
Qwen2.5-1.5B,RPS-F002,education_general_knowledge,en,last_token,28,2,0.9472333119806103,0.05276668801938966,0.2585968494399038,0.1663710594385522
Qwen2.5-1.5B,RPS-F002,education_general_knowledge,en,mean_pooled,0,0,,,0.0,0.0
Qwen2.5-1.5B,RPS-F002,education_general_knowledge,en,mean_pooled,0,1,0.8326646304692421,0.1673353695307579,0.1673353695307579,0.1673353695307579
Qwen2.5-1.5B,RPS-F002,education_general_knowledge,en,mean_pooled,0,2,0.8929435850264443,0.10705641497355567,0.27439178450431356,0.1859564462728307
Qwen2.5-1.5B,RPS-F002,education_general_knowledge,en,mean_pooled,1,0,,,0.0,0.0
Qwen2.5-1.5B,RPS-F002,education_general_knowledge,en,mean_pooled,1,1,0.7963658921194382,0.2036341078805618,0.2036341078805618,0.2036341078805618
Qwen2.5-1.5B,RPS-F002,education_general_knowledge,en,mean_pooled,1,2,0.9124669764062473,0.0875330235937527,0.2911671314743145,0.2159753410328488
Qwen2.5-1.5B,RPS-F002,education_general_knowledge,en,mean_pooled,2,0,,,0.0,0.0
Qwen2.5-1.5B,RPS-F002,education_general_knowledge,en,mean_pooled,2,1,0.8665946614529023,0.13340533854709768,0.13340533854709768,0.1334053385470976
Qwen2.5-1.5B,RPS-F002,education_general_knowledge,en,mean_pooled,2,2,0.9491746671758106,0.05082533282418944,0.18423067137128712,0.143463007908366
Qwen2.5-1.5B,RPS-F002,education_general_knowledge,en,mean_pooled,3,0,,,0.0,1.1102230246251563e-16
Qwen2.5-1.5B,RPS-F002,education_general_knowledge,en,mean_pooled,3,1,0.8494202008224498,0.15057979917755016,0.15057979917755016,0.1505797991775501
Qwen2.5-1.5B,RPS-F002,education_general_knowledge,en,mean_pooled,3,2,0.938931929108936,0.06106807089106403,0.21164787006861419,0.1695012486356774
Qwen2.5-1.5B,RPS-F002,education_general_knowledge,en,mean_pooled,4,0,,,0.0,0.0
Qwen2.5-1.5B,RPS-F002,education_general_knowledge,en,mean_pooled,4,1,0.8377079350499462,0.16229206495005377,0.16229206495005377,0.1622920649500537
Qwen2.5-1.5B,RPS-F002,education_general_knowledge,en,mean_pooled,4,2,0.9398034828590828,0.06019651714091723,0.222488582090971,0.1736010607018296
Qwen2.5-1.5B,RPS-F002,education_general_knowledge,en,mean_pooled,5,0,,,0.0,0.0
Qwen2.5-1.5B,RPS-F002,education_general_knowledge,en,mean_pooled,5,1,0.8210105616546074,0.1789894383453926,0.1789894383453926,0.1789894383453926
Qwen2.5-1.5B,RPS-F002,education_general_knowledge,en,mean_pooled,5,2,0.9280326371126797,0.07196736288732031,0.2509568012327129,0.1860164865048837
Qwen2.5-1.5B,RPS-F002,education_general_knowledge,en,mean_pooled,6,0,,,0.0,0.0
Qwen2.5-1.5B,RPS-F002,education_general_knowledge,en,mean_pooled,6,1,0.8625961795606205,0.1374038204393795,0.1374038204393795,0.1374038204393795
Qwen2.5-1.5B,RPS-F002,education_general_knowledge,en,mean_pooled,6,2,0.9484961663368543,0.051503833663145704,0.1889076541025252,0.1480167148689245
Qwen2.5-1.5B,RPS-F002,education_general_knowledge,en,mean_pooled,7,0,,,0.0,0.0
Qwen2.5-1.5B,RPS-F002,education_general_knowledge,en,mean_pooled,7,1,0.8658902184426067,0.13410978155739328,0.13410978155739328,0.1341097815573932
Qwen2.5-1.5B,RPS-F002,education_general_knowledge,en,mean_pooled,7,2,0.9497507432685051,0.05024925673149494,0.18435903828888822,0.1454507551786692
Qwen2.5-1.5B,RPS-F002,education_general_knowledge,en,mean_pooled,8,0,,,0.0,1.1102230246251563e-16
Qwen2.5-1.5B,RPS-F002,education_general_knowledge,en,mean_pooled,8,1,0.8686118510051447,0.1313881489948553,0.1313881489948553,0.1313881489948553
Qwen2.5-1.5B,RPS-F002,education_general_knowledge,en,mean_pooled,8,2,0.9498883559406498,0.0501116440593502,0.1814997930542055,0.1495997166719138
Qwen2.5-1.5B,RPS-F002,education_general_knowledge,en,mean_pooled,9,0,,,0.0,0.0
Qwen2.5-1.5B,RPS-F002,education_general_knowledge,en,mean_pooled,9,1,0.8450860715684907,0.1549139284315093,0.1549139284315093,0.1549139284315093
Qwen2.5-1.5B,RPS-F002,education_general_knowledge,en,mean_pooled,9,2,0.9387633489598792,0.06123665104012077,0.21615057947163008,0.180533291000369
Qwen2.5-1.5B,RPS-F002,education_general_knowledge,en,mean_pooled,10,0,,,0.0,0.0
Qwen2.5-1.5B,RPS-F002,education_general_knowledge,en,mean_pooled,10,1,0.8452410880493401,0.15475891195065994,0.15475891195065994,0.1547589119506599
Qwen2.5-1.5B,RPS-F002,education_general_knowledge,en,mean_pooled,10,2,0.9294824957533827,0.07051750424661729,0.22527641619727723,0.1825180792611003
Qwen2.5-1.5B,RPS-F002,education_general_knowledge,en,mean_pooled,11,0,,,0.0,1.1102230246251563e-16
Qwen2.5-1.5B,RPS-F002,education_general_knowledge,en,mean_pooled,11,1,0.8481262992193098,0.15187370078069018,0.15187370078069018,0.1518737007806901
Qwen2.5-1.5B,RPS-F002,education_general_knowledge,en,mean_pooled,11,2,0.9402048030120472,0.05979519698795277,0.21166889776864295,0.1802383275630747
Qwen2.5-1.5B,RPS-F002,education_general_knowledge,en,mean_pooled,12,0,,,0.0,0.0
Qwen2.5-1.5B,RPS-F002,education_general_knowledge,en,mean_pooled,12,1,0.8672640598640073,0.13273594013599266,0.13273594013599266,0.1327359401359926
Qwen2.5-1.5B,RPS-F002,education_general_knowledge,en,mean_pooled,12,2,0.9488541601982643,0.051145839801735704,0.18388177993772836,0.1576111887343152
Qwen2.5-1.5B,RPS-F002,education_general_knowledge,en,mean_pooled,13,0,,,0.0,0.0
Qwen2.5-1.5B,RPS-F002,education_general_knowledge,en,mean_pooled,13,1,0.8661754704016897,0.13382452959831026,0.13382452959831026,0.1338245295983102
Qwen2.5-1.5B,RPS-F002,education_general_knowledge,en,mean_pooled,13,2,0.9521344703108954,0.047865529689104624,0.18169005928741488,0.1574868360985154
Qwen2.5-1.5B,RPS-F002,education_general_knowledge,en,mean_pooled,14,0,,,0.0,2.220446049250313e-16
Qwen2.5-1.5B,RPS-F002,education_general_knowledge,en,mean_pooled,14,1,0.8647614173933433,0.13523858260665667,0.13523858260665667,0.1352385826066566
Qwen2.5-1.5B,RPS-F002,education_general_knowledge,en,mean_pooled,14,2,0.9511311888926784,0.04886881110732155,0.18410739371397822,0.1634227611574498
Qwen2.5-1.5B,RPS-F002,education_general_knowledge,en,mean_pooled,15,0,,,0.0,-2.220446049250313e-16
Qwen2.5-1.5B,RPS-F002,education_general_knowledge,en,mean_pooled,15,1,0.8564972116073322,0.14350278839266783,0.14350278839266783,0.1435027883926678
Qwen2.5-1.5B,RPS-F002,education_general_knowledge,en,mean_pooled,15,2,0.9501474133433739,0.04985258665662606,0.1933553750492939,0.1666206066421214
Qwen2.5-1.5B,RPS-F002,education_general_knowledge,en,mean_pooled,16,0,,,0.0,-2.220446049250313e-16
Qwen2.5-1.5B,RPS-F002,education_general_knowledge,en,mean_pooled,16,1,0.8678511937916485,0.13214880620835145,0.13214880620835145,0.1321488062083514
Qwen2.5-1.5B,RPS-F002,education_general_knowledge,en,mean_pooled,16,2,0.9519767542135085,0.04802324578649153,0.18017205199484299,0.15675323865545
Qwen2.5-1.5B,RPS-F002,education_general_knowledge,en,mean_pooled,17,0,,,0.0,0.0
Qwen2.5-1.5B,RPS-F002,education_general_knowledge,en,mean_pooled,17,1,0.86368483774148,0.13631516225852003,0.13631516225852003,0.13631516225852
Qwen2.5-1.5B,RPS-F002,education_general_knowledge,en,mean_pooled,17,2,0.9576683137706014,0.042331686229398646,0.17864684848791867,0.1615324916288624
Qwen2.5-1.5B,RPS-F002,education_general_knowledge,en,mean_pooled,18,0,,,0.0,0.0
Qwen2.5-1.5B,RPS-F002,education_general_knowledge,en,mean_pooled,18,1,0.8544939176416233,0.1455060823583767,0.1455060823583767,0.1455060823583767
Qwen2.5-1.5B,RPS-F002,education_general_knowledge,en,mean_pooled,18,2,0.9569387546595544,0.04306124534044564,0.18856732769882234,0.1752115057134134
Qwen2.5-1.5B,RPS-F002,education_general_knowledge,en,mean_pooled,19,0,,,0.0,-2.220446049250313e-16
Qwen2.5-1.5B,RPS-F002,education_general_knowledge,en,mean_pooled,19,1,0.8668885386658385,0.13311146133416152,0.13311146133416152,0.1331114613341615
Qwen2.5-1.5B,RPS-F002,education_general_knowledge,en,mean_pooled,19,2,0.9596131501855577,0.040386849814442294,0.1734983111486038,0.1621408335483259
Qwen2.5-1.5B,RPS-F002,education_general_knowledge,en,mean_pooled,20,0,,,0.0,0.0
Qwen2.5-1.5B,RPS-F002,education_general_knowledge,en,mean_pooled,20,1,0.8659696395298587,0.13403036047014127,0.13403036047014127,0.1340303604701412
Qwen2.5-1.5B,RPS-F002,education_general_knowledge,en,mean_pooled,20,2,0.9552088997733129,0.044791100226687086,0.17882146069682836,0.1750990386722538
Qwen2.5-1.5B,RPS-F002,education_general_knowledge,en,mean_pooled,21,0,,,0.0,0.0
Qwen2.5-1.5B,RPS-F002,education_general_knowledge,en,mean_pooled,21,1,0.8607220965882414,0.1392779034117586,0.1392779034117586,0.1392779034117586
Qwen2.5-1.5B,RPS-F002,education_general_knowledge,en,mean_pooled,21,2,0.9551670137006228,0.04483298629937715,0.18411088971113576,0.1808945537850603
Qwen2.5-1.5B,RPS-F002,education_general_knowledge,en,mean_pooled,22,0,,,0.0,0.0
Qwen2.5-1.5B,RPS-F002,education_general_knowledge,en,mean_pooled,22,1,0.8880965251131493,0.1119034748868507,0.1119034748868507,0.1119034748868507
Qwen2.5-1.5B,RPS-F002,education_general_knowledge,en,mean_pooled,22,2,0.9671750969724827,0.03282490302751728,0.144728377914368,0.1417116029028289
Qwen2.5-1.5B,RPS-F002,education_general_knowledge,en,mean_pooled,23,0,,,0.0,1.1102230246251563e-16
Qwen2.5-1.5B,RPS-F002,education_general_knowledge,en,mean_pooled,23,1,0.8916328891101202,0.10836711088987983,0.10836711088987983,0.1083671108898798
Qwen2.5-1.5B,RPS-F002,education_general_knowledge,en,mean_pooled,23,2,0.9675105258525792,0.03248947414742076,0.14085658503730059,0.1386323761694164
Qwen2.5-1.5B,RPS-F002,education_general_knowledge,en,mean_pooled,24,0,,,0.0,0.0
Qwen2.5-1.5B,RPS-F002,education_general_knowledge,en,mean_pooled,24,1,0.9107054434292984,0.08929455657070162,0.08929455657070162,0.0892945565707016
Qwen2.5-1.5B,RPS-F002,education_general_knowledge,en,mean_pooled,24,2,0.974286799338176,0.02571320066182403,0.11500775723252565,0.118421330933058
Qwen2.5-1.5B,RPS-F002,education_general_knowledge,en,mean_pooled,25,0,,,0.0,-2.220446049250313e-16
Qwen2.5-1.5B,RPS-F002,education_general_knowledge,en,mean_pooled,25,1,0.9382002256781502,0.0617997743218498,0.0617997743218498,0.0617997743218498
Qwen2.5-1.5B,RPS-F002,education_general_knowledge,en,mean_pooled,25,2,0.9793471476413794,0.020652852358620577,0.08245262668047038,0.0841813482024509
Qwen2.5-1.5B,RPS-F002,education_general_knowledge,en,mean_pooled,26,0,,,0.0,1.1102230246251563e-16
Qwen2.5-1.5B,RPS-F002,education_general_knowledge,en,mean_pooled,26,1,0.9447120196569252,0.055287980343074805,0.055287980343074805,0.0552879803430748
Qwen2.5-1.5B,RPS-F002,education_general_knowledge,en,mean_pooled,26,2,0.9819900935841814,0.018009906415818566,0.07329788675889337,0.0730996610978277
Qwen2.5-1.5B,RPS-F002,education_general_knowledge,en,mean_pooled,27,0,,,0.0,1.1102230246251563e-16
Qwen2.5-1.5B,RPS-F002,education_general_knowledge,en,mean_pooled,27,1,0.9640796849676325,0.03592031503236748,0.03592031503236748,0.0359203150323674
Qwen2.5-1.5B,RPS-F002,education_general_knowledge,en,mean_pooled,27,2,0.9889312346902296,0.011068765309770412,0.04698908034213789,0.0448249473020758
Qwen2.5-1.5B,RPS-F002,education_general_knowledge,en,mean_pooled,28,0,,,0.0,0.0
Qwen2.5-1.5B,RPS-F002,education_general_knowledge,en,mean_pooled,28,1,0.8652605538614423,0.1347394461385577,0.1347394461385577,0.1347394461385577
Qwen2.5-1.5B,RPS-F002,education_general_knowledge,en,mean_pooled,28,2,0.9767844477292409,0.02321555227075911,0.15795499840931682,0.1556921988966734
