model,behaviour,pooling,layer,n_pairs,direction_norm
Qwen2.5-1.5B,__all__,last_token,0,19,0.0
Qwen2.5-1.5B,__all__,last_token,1,19,0.7717295723826747
Qwen2.5-1.5B,__all__,last_token,2,19,1.268642287756982
Qwen2.5-1.5B,__all__,last_token,3,19,1.6774678667224536
Qwen2.5-1.5B,__all__,last_token,4,19,2.9447846766379073
Qwen2.5-1.5B,__all__,last_token,5,19,3.3338792175346827
Qwen2.5-1.5B,__all__,last_token,6,19,3.8961408732755025
Qwen2.5-1.5B,__all__,last_token,7,19,3.746360192578523
Qwen2.5-1.5B,__all__,last_token,8,19,3.9808319274880732
Qwen2.5-1.5B,__all__,last_token,9,19,4.415648108735789
Qwen2.5-1.5B,__all__,last_token,10,19,5.013546225461466
Qwen2.5-1.5B,__all__,last_token,11,19,5.012812993151055
Qwen2.5-1.5B,__all__,last_token,12,19,5.016098492585835
Qwen2.5-1.5B,__all__,last_token,13,19,5.317002932975997
Qwen2.5-1.5B,__all__,last_token,14,19,6.897013822188005
Qwen2.5-1.5B,__all__,last_token,15,19,7.2404907624948915
Qwen2.5-1.5B,__all__,last_token,16,19,7.972042201755423
Qwen2.5-1.5B,__all__,last_token,17,19,9.000089023698436
Qwen2.5-1.5B,__all__,last_token,18,19,10.4206355449577
Qwen2.5-1.5B,__all__,last_token,19,19,11.71615014223127
Qwen2.5-1.5B,__all__,last_token,20,19,13.19047557663962
Qwen2.5-1.5B,__all__,last_token,21,19,18.675095677138632
Qwen2.5-1.5B,__all__,last_token,22,19,23.420821404366393
Qwen2.5-1.5B,__all__,last_token,23,19,27.579239335398068
Qwen2.5-1.5B,__all__,last_token,24,19,30.93533648116706
Qwen2.5-1.5B,__all__,last_token,25,19,34.265571878617585
Qwen2.5-1.5B,__all__,last_token,26,19,37.71340366244747
Qwen2.5-1.5B,__all__,last_token,27,19,41.363219710184666
Qwen2.5-1.5B,__all__,last_token,28,19,32.99415672761746
Qwen2.5-1.5B,__all__,mean_pooled,0,19,0.05540532916440721
Qwen2.5-1.5B,__all__,mean_pooled,1,19,1.441881665848216
Qwen2.5-1.5B,__all__,mean_pooled,2,19,1.859451990739485
Qwen2.5-1.5B,__all__,mean_pooled,3,19,2.551922973111511
Qwen2.5-1.5B,__all__,mean_pooled,4,19,3.1655928908713546
Qwen2.5-1.5B,__all__,mean_pooled,5,19,3.6269582560592966
Qwen2.5-1.5B,__all__,mean_pooled,6,19,3.7165474651669657
Qwen2.5-1.5B,__all__,mean_pooled,7,19,4.014717085867062
Qwen2.5-1.5B,__all__,mean_pooled,8,19,4.411291456225611
Qwen2.5-1.5B,__all__,mean_pooled,9,19,4.821609484316345
Qwen2.5-1.5B,__all__,mean_pooled,10,19,5.787313118056061
Qwen2.5-1.5B,__all__,mean_pooled,11,19,5.841810575391311
Qwen2.5-1.5B,__all__,mean_pooled,12,19,6.279986000907059
Qwen2.5-1.5B,__all__,mean_pooled,13,19,6.224300260049652
Qwen2.5-1.5B,__all__,mean_pooled,14,19,6.878767165959092
Qwen2.5-1.5B,__all__,mean_pooled,15,19,6.838169581550071
Qwen2.5-1.5B,__all__,mean_pooled,16,19,7.523369974557603
Qwen2.5-1.5B,__all__,mean_pooled,17,19,7.8374617655552115
Qwen2.5-1.5B,__all__,mean_pooled,18,19,8.600311173947826
Qwen2.5-1.5B,__all__,mean_pooled,19,19,9.452825924281912
Qwen2.5-1.5B,__all__,mean_pooled,20,19,10.869094824279518
Qwen2.5-1.5B,__all__,mean_pooled,21,19,12.000879370330718
Qwen2.5-1.5B,__all__,mean_pooled,22,19,13.993859137532773
Qwen2.5-1.5B,__all__,mean_pooled,23,19,16.13737811437004
Qwen2.5-1.5B,__all__,mean_pooled,24,19,18.55904029436042
Qwen2.5-1.5B,__all__,mean_pooled,25,19,20.77300159643797
Qwen2.5-1.5B,__all__,mean_pooled,26,19,22.48194842476687
Qwen2.5-1.5B,__all__,mean_pooled,27,19,23.936219511415313
Qwen2.5-1.5B,__all__,mean_pooled,28,19,24.745441746708966
Qwen2.5-1.5B,agreement_bias,last_token,0,2,0.0
Qwen2.5-1.5B,agreement_bias,last_token,1,2,1.5413653411526456
Qwen2.5-1.5B,agreement_bias,last_token,2,2,2.6354938471289158
Qwen2.5-1.5B,agreement_bias,last_token,3,2,3.2964337500459577
Qwen2.5-1.5B,agreement_bias,last_token,4,2,5.698635203215231
Qwen2.5-1.5B,agreement_bias,last_token,5,2,6.508283426272095
Qwen2.5-1.5B,agreement_bias,last_token,6,2,7.1997608594138764
Qwen2.5-1.5B,agreement_bias,last_token,7,2,6.88504522754201
Qwen2.5-1.5B,agreement_bias,last_token,8,2,8.530849565553712
Qwen2.5-1.5B,agreement_bias,last_token,9,2,10.087940269924905
Qwen2.5-1.5B,agreement_bias,last_token,10,2,12.150047643068028
Qwen2.5-1.5B,agreement_bias,last_token,11,2,12.999663484643772
Qwen2.5-1.5B,agreement_bias,last_token,12,2,13.02908178575367
Qwen2.5-1.5B,agreement_bias,last_token,13,2,13.515294452283902
Qwen2.5-1.5B,agreement_bias,last_token,14,2,19.356860098709035
Qwen2.5-1.5B,agreement_bias,last_token,15,2,20.861009643405307
Qwen2.5-1.5B,agreement_bias,last_token,16,2,20.789853320815602
Qwen2.5-1.5B,agreement_bias,last_token,17,2,23.585603911515925
Qwen2.5-1.5B,agreement_bias,last_token,18,2,25.93151280972266
Qwen2.5-1.5B,agreement_bias,last_token,19,2,26.32699909788094
Qwen2.5-1.5B,agreement_bias,last_token,20,2,28.286413842137854
Qwen2.5-1.5B,agreement_bias,last_token,21,2,39.22120234754363
Qwen2.5-1.5B,agreement_bias,last_token,22,2,50.006633832803715
Qwen2.5-1.5B,agreement_bias,last_token,23,2,57.88285791295967
Qwen2.5-1.5B,agreement_bias,last_token,24,2,62.74616292840992
Qwen2.5-1.5B,agreement_bias,last_token,25,2,72.55569857658078
Qwen2.5-1.5B,agreement_bias,last_token,26,2,76.8633890174752
Qwen2.5-1.5B,agreement_bias,last_token,27,2,85.71765401010114
Qwen2.5-1.5B,agreement_bias,last_token,28,2,70.64891764050583
Qwen2.5-1.5B,agreement_bias,mean_pooled,0,2,0.12774900002689063
Qwen2.5-1.5B,agreement_bias,mean_pooled,1,2,3.8520635131396292
Qwen2.5-1.5B,agreement_bias,mean_pooled,2,2,4.745870975606226
Qwen2.5-1.5B,agreement_bias,mean_pooled,3,2,6.038600730551021
Qwen2.5-1.5B,agreement_bias,mean_pooled,4,2,7.43404672148716
Qwen2.5-1.5B,agreement_bias,mean_pooled,5,2,8.454454293774496
Qwen2.5-1.5B,agreement_bias,mean_pooled,6,2,8.318069423764248
Qwen2.5-1.5B,agreement_bias,mean_pooled,7,2,8.707210656427964
Qwen2.5-1.5B,agreement_bias,mean_pooled,8,2,9.348542420403986
Qwen2.5-1.5B,agreement_bias,mean_pooled,9,2,10.1099863395743
Qwen2.5-1.5B,agreement_bias,mean_pooled,10,2,11.235509998902398
Qwen2.5-1.5B,agreement_bias,mean_pooled,11,2,11.797118419503803
Qwen2.5-1.5B,agreement_bias,mean_pooled,12,2,11.854376460753798
Qwen2.5-1.5B,agreement_bias,mean_pooled,13,2,12.002893847492514
Qwen2.5-1.5B,agreement_bias,mean_pooled,14,2,12.676879052854266
Qwen2.5-1.5B,agreement_bias,mean_pooled,15,2,12.801285889075208
Qwen2.5-1.5B,agreement_bias,mean_pooled,16,2,14.065482082922653
Qwen2.5-1.5B,agreement_bias,mean_pooled,17,2,15.427044668091026
Qwen2.5-1.5B,agreement_bias,mean_pooled,18,2,17.38080712240622
Qwen2.5-1.5B,agreement_bias,mean_pooled,19,2,19.070894820855383
Qwen2.5-1.5B,agreement_bias,mean_pooled,20,2,21.70135967712968
Qwen2.5-1.5B,agreement_bias,mean_pooled,21,2,25.43127328702221
Qwen2.5-1.5B,agreement_bias,mean_pooled,22,2,30.61238912429522
Qwen2.5-1.5B,agreement_bias,mean_pooled,23,2,36.03967378243361
Qwen2.5-1.5B,agreement_bias,mean_pooled,24,2,41.32904663872878
Qwen2.5-1.5B,agreement_bias,mean_pooled,25,2,46.58249124014604
Qwen2.5-1.5B,agreement_bias,mean_pooled,26,2,52.884619977594596
Qwen2.5-1.5B,agreement_bias,mean_pooled,27,2,56.19200587827137
Qwen2.5-1.5B,agreement_bias,mean_pooled,28,2,59.31850477773327
Qwen2.5-1.5B,attribution_bias,last_token,0,1,0.0
Qwen2.5-1.5B,attribution_bias,last_token,1,1,0.3973226788708102
Qwen2.5-1.5B,attribution_bias,last_token,2,1,0.9859113905529658
Qwen2.5-1.5B,attribution_bias,last_token,3,1,2.1489509622245486
Qwen2.5-1.5B,attribution_bias,last_token,4,1,3.7961583228945437
Qwen2.5-1.5B,attribution_bias,last_token,5,1,8.163256670169128
Qwen2.5-1.5B,attribution_bias,last_token,6,1,10.257723686410849
Qwen2.5-1.5B,attribution_bias,last_token,7,1,9.797980697320186
Qwen2.5-1.5B,attribution_bias,last_token,8,1,9.193484151388368
Qwen2.5-1.5B,attribution_bias,last_token,9,1,8.087742243746685
Qwen2.5-1.5B,attribution_bias,last_token,10,1,7.954162284016284
Qwen2.5-1.5B,attribution_bias,last_token,11,1,8.14654038999917
Qwen2.5-1.5B,attribution_bias,last_token,12,1,7.892786021544126
Qwen2.5-1.5B,attribution_bias,last_token,13,1,7.807517887249697
Qwen2.5-1.5B,attribution_bias,last_token,14,1,8.773105480503647
Qwen2.5-1.5B,attribution_bias,last_token,15,1,9.254794111607644
Qwen2.5-1.5B,attribution_bias,last_token,16,1,10.660112819546068
Qwen2.5-1.5B,attribution_bias,last_token,17,1,12.140135292632397
Qwen2.5-1.5B,attribution_bias,last_token,18,1,13.177065744287454
Qwen2.5-1.5B,attribution_bias,last_token,19,1,14.76394370992495
Qwen2.5-1.5B,attribution_bias,last_token,20,1,17.47399837148776
Qwen2.5-1.5B,attribution_bias,last_token,21,1,25.92608156771345
Qwen2.5-1.5B,attribution_bias,last_token,22,1,31.757496691421036
Qwen2.5-1.5B,attribution_bias,last_token,23,1,38.871699020237585
Qwen2.5-1.5B,attribution_bias,last_token,24,1,44.720247125610705
Qwen2.5-1.5B,attribution_bias,last_token,25,1,51.29283062960653
Qwen2.5-1.5B,attribution_bias,last_token,26,1,55.85906603214602
Qwen2.5-1.5B,attribution_bias,last_token,27,1,63.99359117420666
Qwen2.5-1.5B,attribution_bias,last_token,28,1,60.600855862741405
Qwen2.5-1.5B,attribution_bias,mean_pooled,0,1,0.1954062017532895
Qwen2.5-1.5B,attribution_bias,mean_pooled,1,1,4.476882721670048
Qwen2.5-1.5B,attribution_bias,mean_pooled,2,1,5.480360550032934
Qwen2.5-1.5B,attribution_bias,mean_pooled,3,1,7.316310231554951
Qwen2.5-1.5B,attribution_bias,mean_pooled,4,1,8.535169037852661
Qwen2.5-1.5B,attribution_bias,mean_pooled,5,1,9.597574030027346
Qwen2.5-1.5B,attribution_bias,mean_pooled,6,1,9.13831488051589
Qwen2.5-1.5B,attribution_bias,mean_pooled,7,1,9.841814256874182
Qwen2.5-1.5B,attribution_bias,mean_pooled,8,1,10.4342307441526
Qwen2.5-1.5B,attribution_bias,mean_pooled,9,1,11.400407258257543
Qwen2.5-1.5B,attribution_bias,mean_pooled,10,1,12.480472921696922
Qwen2.5-1.5B,attribution_bias,mean_pooled,11,1,12.66735780601625
Qwen2.5-1.5B,attribution_bias,mean_pooled,12,1,13.419639086113587
Qwen2.5-1.5B,attribution_bias,mean_pooled,13,1,13.39076978619054
Qwen2.5-1.5B,attribution_bias,mean_pooled,14,1,13.935870481103406
Qwen2.5-1.5B,attribution_bias,mean_pooled,15,1,13.802390858020354
Qwen2.5-1.5B,attribution_bias,mean_pooled,16,1,14.322859534468941
Qwen2.5-1.5B,attribution_bias,mean_pooled,17,1,15.269101750721958
Qwen2.5-1.5B,attribution_bias,mean_pooled,18,1,16.635499598004767
Qwen2.5-1.5B,attribution_bias,mean_pooled,19,1,18.00652261917379
Qwen2.5-1.5B,attribution_bias,mean_pooled,20,1,20.731926713525187
Qwen2.5-1.5B,attribution_bias,mean_pooled,21,1,23.441126691714956
Qwen2.5-1.5B,attribution_bias,mean_pooled,22,1,29.065281528266453
Qwen2.5-1.5B,attribution_bias,mean_pooled,23,1,33.319770103921115
Qwen2.5-1.5B,attribution_bias,mean_pooled,24,1,36.686726067944605
Qwen2.5-1.5B,attribution_bias,mean_pooled,25,1,43.46176362829744
Qwen2.5-1.5B,attribution_bias,mean_pooled,26,1,46.706562678704735
Qwen2.5-1.5B,attribution_bias,mean_pooled,27,1,48.48641170369705
Qwen2.5-1.5B,attribution_bias,mean_pooled,28,1,40.19630864884094
Qwen2.5-1.5B,authority_influence,last_token,0,4,0.0
Qwen2.5-1.5B,authority_influence,last_token,1,4,0.6564216636866267
Qwen2.5-1.5B,authority_influence,last_token,2,4,1.207186271037265
Qwen2.5-1.5B,authority_influence,last_token,3,4,2.4556500057700124
Qwen2.5-1.5B,authority_influence,last_token,4,4,3.3742490977695248
Qwen2.5-1.5B,authority_influence,last_token,5,4,3.6438814317572277
Qwen2.5-1.5B,authority_influence,last_token,6,4,5.217487547381656
Qwen2.5-1.5B,authority_influence,last_token,7,4,4.801828269338969
Qwen2.5-1.5B,authority_influence,last_token,8,4,5.082265991151102
Qwen2.5-1.5B,authority_influence,last_token,9,4,4.923630920894533
Qwen2.5-1.5B,authority_influence,last_token,10,4,5.1866535489756425
Qwen2.5-1.5B,authority_influence,last_token,11,4,5.733367640828289
Qwen2.5-1.5B,authority_influence,last_token,12,4,5.2860764873019095
Qwen2.5-1.5B,authority_influence,last_token,13,4,5.28343124591239
Qwen2.5-1.5B,authority_influence,last_token,14,4,6.069755588081705
Qwen2.5-1.5B,authority_influence,last_token,15,4,6.2546236464307015
Qwen2.5-1.5B,authority_influence,last_token,16,4,6.920668580973287
Qwen2.5-1.5B,authority_influence,last_token,17,4,9.175926117712015
Qwen2.5-1.5B,authority_influence,last_token,18,4,11.24520658892969
Qwen2.5-1.5B,authority_influence,last_token,19,4,12.504108078252308
Qwen2.5-1.5B,authority_influence,last_token,20,4,13.751070200271796
Qwen2.5-1.5B,authority_influence,last_token,21,4,23.149244601449155
Qwen2.5-1.5B,authority_influence,last_token,22,4,29.475026365988597
Qwen2.5-1.5B,authority_influence,last_token,23,4,33.4459912949861
Qwen2.5-1.5B,authority_influence,last_token,24,4,35.886474890458636
Qwen2.5-1.5B,authority_influence,last_token,25,4,40.89448702606247
Qwen2.5-1.5B,authority_influence,last_token,26,4,44.64133995684538
Qwen2.5-1.5B,authority_influence,last_token,27,4,49.15641568697946
Qwen2.5-1.5B,authority_influence,last_token,28,4,42.294314122353974
Qwen2.5-1.5B,authority_influence,mean_pooled,0,4,0.13673382359093578
Qwen2.5-1.5B,authority_influence,mean_pooled,1,4,2.9426919761101185
Qwen2.5-1.5B,authority_influence,mean_pooled,2,4,3.8534316378768407
Qwen2.5-1.5B,authority_influence,mean_pooled,3,4,5.578712042001768
Qwen2.5-1.5B,authority_influence,mean_pooled,4,4,6.728897992408
Qwen2.5-1.5B,authority_influence,mean_pooled,5,4,7.832562135006644
Qwen2.5-1.5B,authority_influence,mean_pooled,6,4,8.153221201340061
Qwen2.5-1.5B,authority_influence,mean_pooled,7,4,8.705101798743536
Qwen2.5-1.5B,authority_influence,mean_pooled,8,4,9.578583415688712
Qwen2.5-1.5B,authority_influence,mean_pooled,9,4,10.665792308582382
Qwen2.5-1.5B,authority_influence,mean_pooled,10,4,12.071261589987209
Qwen2.5-1.5B,authority_influence,mean_pooled,11,4,12.426242917295486
Qwen2.5-1.5B,authority_influence,mean_pooled,12,4,13.086595137959748
Qwen2.5-1.5B,authority_influence,mean_pooled,13,4,13.335272553694054
Qwen2.5-1.5B,authority_influence,mean_pooled,14,4,14.43611355772053
Qwen2.5-1.5B,authority_influence,mean_pooled,15,4,14.15831641194638
Qwen2.5-1.5B,authority_influence,mean_pooled,16,4,14.586368300733747
Qwen2.5-1.5B,authority_influence,mean_pooled,17,4,15.680838360844623
Qwen2.5-1.5B,authority_influence,mean_pooled,18,4,17.153526082539678
Qwen2.5-1.5B,authority_influence,mean_pooled,19,4,18.656859553278448
Qwen2.5-1.5B,authority_influence,mean_pooled,20,4,20.49982721190114
Qwen2.5-1.5B,authority_influence,mean_pooled,21,4,23.099549303454662
Qwen2.5-1.5B,authority_influence,mean_pooled,22,4,27.236069754449304
Qwen2.5-1.5B,authority_influence,mean_pooled,23,4,31.138509328271233
Qwen2.5-1.5B,authority_influence,mean_pooled,24,4,34.79394881816736
Qwen2.5-1.5B,authority_influence,mean_pooled,25,4,41.003667028314126
Qwen2.5-1.5B,authority_influence,mean_pooled,26,4,43.9611803043198
Qwen2.5-1.5B,authority_influence,mean_pooled,27,4,46.27742936948448
Qwen2.5-1.5B,authority_influence,mean_pooled,28,4,36.454765088623375
Qwen2.5-1.5B,delusion_acceptance,last_token,0,2,0.0
Qwen2.5-1.5B,delusion_acceptance,last_token,1,2,1.6212168419891344
Qwen2.5-1.5B,delusion_acceptance,last_token,2,2,2.45384882619122
Qwen2.5-1.5B,delusion_acceptance,last_token,3,2,3.4702007629943985
Qwen2.5-1.5B,delusion_acceptance,last_token,4,2,6.3133041516931
Qwen2.5-1.5B,delusion_acceptance,last_token,5,2,6.8707417848399785
Qwen2.5-1.5B,delusion_acceptance,last_token,6,2,7.826674263011567
Qwen2.5-1.5B,delusion_acceptance,last_token,7,2,7.485534265690406
Qwen2.5-1.5B,delusion_acceptance,last_token,8,2,7.93965036444649
Qwen2.5-1.5B,delusion_acceptance,last_token,9,2,7.412361072416714
Qwen2.5-1.5B,delusion_acceptance,last_token,10,2,7.432564160351305
Qwen2.5-1.5B,delusion_acceptance,last_token,11,2,8.060903883036852
Qwen2.5-1.5B,delusion_acceptance,last_token,12,2,7.829202035954403
Qwen2.5-1.5B,delusion_acceptance,last_token,13,2,8.215492152082431
Qwen2.5-1.5B,delusion_acceptance,last_token,14,2,9.795356805119635
Qwen2.5-1.5B,delusion_acceptance,last_token,15,2,9.953524654007852
Qwen2.5-1.5B,delusion_acceptance,last_token,16,2,10.677300542975296
Qwen2.5-1.5B,delusion_acceptance,last_token,17,2,13.64645874828854
Qwen2.5-1.5B,delusion_acceptance,last_token,18,2,17.024093243220214
Qwen2.5-1.5B,delusion_acceptance,last_token,19,2,19.267151825942776
Qwen2.5-1.5B,delusion_acceptance,last_token,20,2,22.647515952633583
Qwen2.5-1.5B,delusion_acceptance,last_token,21,2,29.59344642823771
Qwen2.5-1.5B,delusion_acceptance,last_token,22,2,35.4019865061908
Qwen2.5-1.5B,delusion_acceptance,last_token,23,2,40.99132436395225
Qwen2.5-1.5B,delusion_acceptance,last_token,24,2,44.04289926905622
Qwen2.5-1.5B,delusion_acceptance,last_token,25,2,50.922385357189725
Qwen2.5-1.5B,delusion_acceptance,last_token,26,2,56.795456992822416
Qwen2.5-1.5B,delusion_acceptance,last_token,27,2,64.45513942624775
Qwen2.5-1.5B,delusion_acceptance,last_token,28,2,56.86542598197669
Qwen2.5-1.5B,delusion_acceptance,mean_pooled,0,2,0.13163712138680372
Qwen2.5-1.5B,delusion_acceptance,mean_pooled,1,2,2.961662669106565
Qwen2.5-1.5B,delusion_acceptance,mean_pooled,2,2,3.726543164440676
Qwen2.5-1.5B,delusion_acceptance,mean_pooled,3,2,5.239647038424351
Qwen2.5-1.5B,delusion_acceptance,mean_pooled,4,2,6.371356473195203
Qwen2.5-1.5B,delusion_acceptance,mean_pooled,5,2,7.287436307405792
Qwen2.5-1.5B,delusion_acceptance,mean_pooled,6,2,6.942642521290528
Qwen2.5-1.5B,delusion_acceptance,mean_pooled,7,2,7.275765181792714
Qwen2.5-1.5B,delusion_acceptance,mean_pooled,8,2,7.933238437126567
Qwen2.5-1.5B,delusion_acceptance,mean_pooled,9,2,8.714777542183205
Qwen2.5-1.5B,delusion_acceptance,mean_pooled,10,2,9.44421624195073
Qwen2.5-1.5B,delusion_acceptance,mean_pooled,11,2,10.019747652077156
Qwen2.5-1.5B,delusion_acceptance,mean_pooled,12,2,10.953185342487348
Qwen2.5-1.5B,delusion_acceptance,mean_pooled,13,2,11.2123747681219
Qwen2.5-1.5B,delusion_acceptance,mean_pooled,14,2,11.889628077081735
Qwen2.5-1.5B,delusion_acceptance,mean_pooled,15,2,11.8286027745506
Qwen2.5-1.5B,delusion_acceptance,mean_pooled,16,2,13.310424168228773
Qwen2.5-1.5B,delusion_acceptance,mean_pooled,17,2,14.496827401996518
Qwen2.5-1.5B,delusion_acceptance,mean_pooled,18,2,16.00446059943966
Qwen2.5-1.5B,delusion_acceptance,mean_pooled,19,2,17.003458341479092
Qwen2.5-1.5B,delusion_acceptance,mean_pooled,20,2,19.46946920285712
Qwen2.5-1.5B,delusion_acceptance,mean_pooled,21,2,23.46056817974509
Qwen2.5-1.5B,delusion_acceptance,mean_pooled,22,2,28.448325398202492
Qwen2.5-1.5B,delusion_acceptance,mean_pooled,23,2,32.321166265853975
Qwen2.5-1.5B,delusion_acceptance,mean_pooled,24,2,36.17697197338848
Qwen2.5-1.5B,delusion_acceptance,mean_pooled,25,2,43.21015915545707
Qwen2.5-1.5B,delusion_acceptance,mean_pooled,26,2,46.50879090679671
Qwen2.5-1.5B,delusion_acceptance,mean_pooled,27,2,51.434912199007535
Qwen2.5-1.5B,delusion_acceptance,mean_pooled,28,2,48.495906644941996
Qwen2.5-1.5B,mirroring,last_token,0,4,0.0
Qwen2.5-1.5B,mirroring,last_token,1,4,1.0356774878946864
Qwen2.5-1.5B,mirroring,last_token,2,4,1.9421152040185097
Qwen2.5-1.5B,mirroring,last_token,3,4,2.4746417474416993
Qwen2.5-1.5B,mirroring,last_token,4,4,4.86380813681616
Qwen2.5-1.5B,mirroring,last_token,5,4,5.214469960495757
Qwen2.5-1.5B,mirroring,last_token,6,4,6.489153716037099
Qwen2.5-1.5B,mirroring,last_token,7,4,6.507761023983455
Qwen2.5-1.5B,mirroring,last_token,8,4,6.635391975231021
Qwen2.5-1.5B,mirroring,last_token,9,4,6.238453548420341
Qwen2.5-1.5B,mirroring,last_token,10,4,6.134515530722013
Qwen2.5-1.5B,mirroring,last_token,11,4,6.497780784076212
Qwen2.5-1.5B,mirroring,last_token,12,4,5.790625822284307
Qwen2.5-1.5B,mirroring,last_token,13,4,6.227008000576939
Qwen2.5-1.5B,mirroring,last_token,14,4,6.810843774542133
Qwen2.5-1.5B,mirroring,last_token,15,4,6.98802774077871
Qwen2.5-1.5B,mirroring,last_token,16,4,7.5867129411339675
Qwen2.5-1.5B,mirroring,last_token,17,4,9.368963628185004
Qwen2.5-1.5B,mirroring,last_token,18,4,10.813978429483917
Qwen2.5-1.5B,mirroring,last_token,19,4,12.513172702941263
Qwen2.5-1.5B,mirroring,last_token,20,4,14.36649277477789
Qwen2.5-1.5B,mirroring,last_token,21,4,20.002302996825126
Qwen2.5-1.5B,mirroring,last_token,22,4,24.869944250375603
Qwen2.5-1.5B,mirroring,last_token,23,4,26.945519121005677
Qwen2.5-1.5B,mirroring,last_token,24,4,31.367925589990737
Qwen2.5-1.5B,mirroring,last_token,25,4,36.47649836167592
Qwen2.5-1.5B,mirroring,last_token,26,4,41.070351864069956
Qwen2.5-1.5B,mirroring,last_token,27,4,49.51081472612823
Qwen2.5-1.5B,mirroring,last_token,28,4,39.10027393841189
Qwen2.5-1.5B,mirroring,mean_pooled,0,4,0.1041277025235439
Qwen2.5-1.5B,mirroring,mean_pooled,1,4,2.4797138417364977
Qwen2.5-1.5B,mirroring,mean_pooled,2,4,3.325251025849894
Qwen2.5-1.5B,mirroring,mean_pooled,3,4,4.758950489238851
Qwen2.5-1.5B,mirroring,mean_pooled,4,4,5.887303559563108
Qwen2.5-1.5B,mirroring,mean_pooled,5,4,6.79687130446173
Qwen2.5-1.5B,mirroring,mean_pooled,6,4,7.572082811934
Qwen2.5-1.5B,mirroring,mean_pooled,7,4,8.008532579293906
Qwen2.5-1.5B,mirroring,mean_pooled,8,4,8.73816865783659
Qwen2.5-1.5B,mirroring,mean_pooled,9,4,9.6364930524639
Qwen2.5-1.5B,mirroring,mean_pooled,10,4,11.152562832949956
Qwen2.5-1.5B,mirroring,mean_pooled,11,4,11.552485326549274
Qwen2.5-1.5B,mirroring,mean_pooled,12,4,12.565951222627557
Qwen2.5-1.5B,mirroring,mean_pooled,13,4,12.831918972438942
Qwen2.5-1.5B,mirroring,mean_pooled,14,4,13.748923226710026
Qwen2.5-1.5B,mirroring,mean_pooled,15,4,13.503110251811899
Qwen2.5-1.5B,mirroring,mean_pooled,16,4,14.552652740942163
Qwen2.5-1.5B,mirroring,mean_pooled,17,4,14.760897907670948
Qwen2.5-1.5B,mirroring,mean_pooled,18,4,16.03851794650373
Qwen2.5-1.5B,mirroring,mean_pooled,19,4,17.447084574315777
Qwen2.5-1.5B,mirroring,mean_pooled,20,4,20.037775283897187
Qwen2.5-1.5B,mirroring,mean_pooled,21,4,22.628494973165935
Qwen2.5-1.5B,mirroring,mean_pooled,22,4,26.378232403621325
Qwen2.5-1.5B,mirroring,mean_pooled,23,4,31.506491505347736
Qwen2.5-1.5B,mirroring,mean_pooled,24,4,36.988121742080374
Qwen2.5-1.5B,mirroring,mean_pooled,25,4,42.20552265119074
Qwen2.5-1.5B,mirroring,mean_pooled,26,4,45.322947922128876
Qwen2.5-1.5B,mirroring,mean_pooled,27,4,47.32504219161673
Qwen2.5-1.5B,mirroring,mean_pooled,28,4,42.519665471118344
Qwen2.5-1.5B,revision_under_pressure,last_token,0,6,0.0
Qwen2.5-1.5B,revision_under_pressure,last_token,1,6,0.8599689602151422
Qwen2.5-1.5B,revision_under_pressure,last_token,2,6,1.6901442786368852
Qwen2.5-1.5B,revision_under_pressure,last_token,3,6,2.6586488322833595
Qwen2.5-1.5B,revision_under_pressure,last_token,4,6,4.40812062713983
Qwen2.5-1.5B,revision_under_pressure,last_token,5,6,5.47753216324284
Qwen2.5-1.5B,revision_under_pressure,last_token,6,6,5.9828908258151055
Qwen2.5-1.5B,revision_under_pressure,last_token,7,6,5.563371272299089
Qwen2.5-1.5B,revision_under_pressure,last_token,8,6,6.252085130421451
Qwen2.5-1.5B,revision_under_pressure,last_token,9,6,7.622333005558164
Qwen2.5-1.5B,revision_under_pressure,last_token,10,6,9.485167845229665
Qwen2.5-1.5B,revision_under_pressure,last_token,11,6,9.229354988009707
Qwen2.5-1.5B,revision_under_pressure,last_token,12,6,9.140939019899548
Qwen2.5-1.5B,revision_under_pressure,last_token,13,6,9.569863213175324
Qwen2.5-1.5B,revision_under_pressure,last_token,14,6,13.14673583853997
Qwen2.5-1.5B,revision_under_pressure,last_token,15,6,13.631366849144008
Qwen2.5-1.5B,revision_under_pressure,last_token,16,6,14.942418599300582
Qwen2.5-1.5B,revision_under_pressure,last_token,17,6,16.78183080811207
Qwen2.5-1.5B,revision_under_pressure,last_token,18,6,19.317411301847212
Qwen2.5-1.5B,revision_under_pressure,last_token,19,6,21.695373189865126
Qwen2.5-1.5B,revision_under_pressure,last_token,20,6,24.256035849186883
Qwen2.5-1.5B,revision_under_pressure,last_token,21,6,34.763676353440594
Qwen2.5-1.5B,revision_under_pressure,last_token,22,6,43.524871647471414
Qwen2.5-1.5B,revision_under_pressure,last_token,23,6,54.41988551289445
Qwen2.5-1.5B,revision_under_pressure,last_token,24,6,60.70748227271092
Qwen2.5-1.5B,revision_under_pressure,last_token,25,6,65.75553954170658
Qwen2.5-1.5B,revision_under_pressure,last_token,26,6,71.7956837991186
Qwen2.5-1.5B,revision_under_pressure,last_token,27,6,77.78135697305686
Qwen2.5-1.5B,revision_under_pressure,last_token,28,6,59.502584227491155
Qwen2.5-1.5B,revision_under_pressure,mean_pooled,0,6,0.08378728433424262
Qwen2.5-1.5B,revision_under_pressure,mean_pooled,1,6,2.408578858714905
Qwen2.5-1.5B,revision_under_pressure,mean_pooled,2,6,3.077199436535272
Qwen2.5-1.5B,revision_under_pressure,mean_pooled,3,6,3.8659870189097516
Qwen2.5-1.5B,revision_under_pressure,mean_pooled,4,6,4.700042130825057
Qwen2.5-1.5B,revision_under_pressure,mean_pooled,5,6,5.367689849732283
Qwen2.5-1.5B,revision_under_pressure,mean_pooled,6,6,5.3035503783119315
Qwen2.5-1.5B,revision_under_pressure,mean_pooled,7,6,5.712266056911329
Qwen2.5-1.5B,revision_under_pressure,mean_pooled,8,6,6.089548419381571
Qwen2.5-1.5B,revision_under_pressure,mean_pooled,9,6,6.590926458242443
Qwen2.5-1.5B,revision_under_pressure,mean_pooled,10,6,7.4895248308237266
Qwen2.5-1.5B,revision_under_pressure,mean_pooled,11,6,7.64686584679008
Qwen2.5-1.5B,revision_under_pressure,mean_pooled,12,6,7.743066683909293
Qwen2.5-1.5B,revision_under_pressure,mean_pooled,13,6,7.586723064758054
Qwen2.5-1.5B,revision_under_pressure,mean_pooled,14,6,8.183801989198617
Qwen2.5-1.5B,revision_under_pressure,mean_pooled,15,6,8.388901402066436
Qwen2.5-1.5B,revision_under_pressure,mean_pooled,16,6,9.233160176307589
Qwen2.5-1.5B,revision_under_pressure,mean_pooled,17,6,9.704135622343808
Qwen2.5-1.5B,revision_under_pressure,mean_pooled,18,6,10.729644797145372
Qwen2.5-1.5B,revision_under_pressure,mean_pooled,19,6,11.56484463517122
Qwen2.5-1.5B,revision_under_pressure,mean_pooled,20,6,13.027217346828584
Qwen2.5-1.5B,revision_under_pressure,mean_pooled,21,6,14.37310796980777
Qwen2.5-1.5B,revision_under_pressure,mean_pooled,22,6,16.9395897736864
Qwen2.5-1.5B,revision_under_pressure,mean_pooled,23,6,19.323418616765117
Qwen2.5-1.5B,revision_under_pressure,mean_pooled,24,6,21.88979142922757
Qwen2.5-1.5B,revision_under_pressure,mean_pooled,25,6,24.222823449891717
Qwen2.5-1.5B,revision_under_pressure,mean_pooled,26,6,26.627710791834925
Qwen2.5-1.5B,revision_under_pressure,mean_pooled,27,6,28.823147380848084
Qwen2.5-1.5B,revision_under_pressure,mean_pooled,28,6,30.895516941175575
