model,pooling,layer,behaviour_a,behaviour_b,cosine,n_pairs_a,n_pairs_b,low_n
Gemma-2-2B,last_token,0,authority_influence,delusion_acceptance,,12,2,True
Gemma-2-2B,last_token,0,authority_influence,mirroring,,12,8,False
Gemma-2-2B,last_token,0,delusion_acceptance,mirroring,,2,8,True
Gemma-2-2B,last_token,1,authority_influence,delusion_acceptance,0.6680430804075538,12,2,True
Gemma-2-2B,last_token,1,authority_influence,mirroring,0.7269558108244624,12,8,False
Gemma-2-2B,last_token,1,delusion_acceptance,mirroring,0.9648110858853468,2,8,True
Gemma-2-2B,last_token,2,authority_influence,delusion_acceptance,0.23944213926382696,12,2,True
Gemma-2-2B,last_token,2,authority_influence,mirroring,0.3637163038086015,12,8,False
Gemma-2-2B,last_token,2,delusion_acceptance,mirroring,0.8035294744128807,2,8,True
Gemma-2-2B,last_token,3,authority_influence,delusion_acceptance,0.15167750732134966,12,2,True
Gemma-2-2B,last_token,3,authority_influence,mirroring,0.30230636624170465,12,8,False
Gemma-2-2B,last_token,3,delusion_acceptance,mirroring,0.7423402808026067,2,8,True
Gemma-2-2B,last_token,4,authority_influence,delusion_acceptance,0.02396283858109379,12,2,True
Gemma-2-2B,last_token,4,authority_influence,mirroring,0.09381695869588712,12,8,False
Gemma-2-2B,last_token,4,delusion_acceptance,mirroring,0.7287851054720047,2,8,True
Gemma-2-2B,last_token,5,authority_influence,delusion_acceptance,0.00963385978244452,12,2,True
Gemma-2-2B,last_token,5,authority_influence,mirroring,0.07787909521671,12,8,False
Gemma-2-2B,last_token,5,delusion_acceptance,mirroring,0.715492555699216,2,8,True
Gemma-2-2B,last_token,6,authority_influence,delusion_acceptance,0.09783564773178119,12,2,True
Gemma-2-2B,last_token,6,authority_influence,mirroring,0.15178284746626305,12,8,False
Gemma-2-2B,last_token,6,delusion_acceptance,mirroring,0.67347562997103,2,8,True
Gemma-2-2B,last_token,7,authority_influence,delusion_acceptance,0.13026530072198664,12,2,True
Gemma-2-2B,last_token,7,authority_influence,mirroring,0.16351145012145243,12,8,False
Gemma-2-2B,last_token,7,delusion_acceptance,mirroring,0.6786860422305497,2,8,True
Gemma-2-2B,last_token,8,authority_influence,delusion_acceptance,-0.07894020247369139,12,2,True
Gemma-2-2B,last_token,8,authority_influence,mirroring,-0.04472554560479605,12,8,False
Gemma-2-2B,last_token,8,delusion_acceptance,mirroring,0.5522845787265995,2,8,True
Gemma-2-2B,last_token,9,authority_influence,delusion_acceptance,-0.10814535100342522,12,2,True
Gemma-2-2B,last_token,9,authority_influence,mirroring,0.04233933321962746,12,8,False
Gemma-2-2B,last_token,9,delusion_acceptance,mirroring,0.5756462789335253,2,8,True
Gemma-2-2B,last_token,10,authority_influence,delusion_acceptance,0.012554044727015571,12,2,True
Gemma-2-2B,last_token,10,authority_influence,mirroring,0.07372271053507101,12,8,False
Gemma-2-2B,last_token,10,delusion_acceptance,mirroring,0.38970677982555196,2,8,True
Gemma-2-2B,last_token,11,authority_influence,delusion_acceptance,0.02181426304966172,12,2,True
Gemma-2-2B,last_token,11,authority_influence,mirroring,0.04932322950072431,12,8,False
Gemma-2-2B,last_token,11,delusion_acceptance,mirroring,0.39520405501612005,2,8,True
Gemma-2-2B,last_token,12,authority_influence,delusion_acceptance,-0.0026325771569967907,12,2,True
Gemma-2-2B,last_token,12,authority_influence,mirroring,0.06376856949935036,12,8,False
Gemma-2-2B,last_token,12,delusion_acceptance,mirroring,0.4030299460494423,2,8,True
Gemma-2-2B,last_token,13,authority_influence,delusion_acceptance,0.012793262416159443,12,2,True
Gemma-2-2B,last_token,13,authority_influence,mirroring,-0.06322351944266132,12,8,False
Gemma-2-2B,last_token,13,delusion_acceptance,mirroring,0.3875273299384114,2,8,True
Gemma-2-2B,last_token,14,authority_influence,delusion_acceptance,0.0022406595609753025,12,2,True
Gemma-2-2B,last_token,14,authority_influence,mirroring,-0.051779058793482026,12,8,False
Gemma-2-2B,last_token,14,delusion_acceptance,mirroring,0.3780314100078998,2,8,True
Gemma-2-2B,last_token,15,authority_influence,delusion_acceptance,0.011944906902581957,12,2,True
Gemma-2-2B,last_token,15,authority_influence,mirroring,0.04392135097418914,12,8,False
Gemma-2-2B,last_token,15,delusion_acceptance,mirroring,0.3804520871215709,2,8,True
Gemma-2-2B,last_token,16,authority_influence,delusion_acceptance,0.036739087998317155,12,2,True
Gemma-2-2B,last_token,16,authority_influence,mirroring,0.07834510507494809,12,8,False
Gemma-2-2B,last_token,16,delusion_acceptance,mirroring,0.4617035263964691,2,8,True
Gemma-2-2B,last_token,17,authority_influence,delusion_acceptance,0.06740244561565037,12,2,True
Gemma-2-2B,last_token,17,authority_influence,mirroring,0.018248650445055605,12,8,False
Gemma-2-2B,last_token,17,delusion_acceptance,mirroring,0.43003758196182135,2,8,True
Gemma-2-2B,last_token,18,authority_influence,delusion_acceptance,0.1059219171904158,12,2,True
Gemma-2-2B,last_token,18,authority_influence,mirroring,0.009910254326447517,12,8,False
Gemma-2-2B,last_token,18,delusion_acceptance,mirroring,0.39866966194052894,2,8,True
Gemma-2-2B,last_token,19,authority_influence,delusion_acceptance,0.0955746474123675,12,2,True
Gemma-2-2B,last_token,19,authority_influence,mirroring,0.029254185892104788,12,8,False
Gemma-2-2B,last_token,19,delusion_acceptance,mirroring,0.4796203588657366,2,8,True
Gemma-2-2B,last_token,20,authority_influence,delusion_acceptance,0.07182692227852741,12,2,True
Gemma-2-2B,last_token,20,authority_influence,mirroring,0.013908055299843323,12,8,False
Gemma-2-2B,last_token,20,delusion_acceptance,mirroring,0.4727029981390986,2,8,True
Gemma-2-2B,last_token,21,authority_influence,delusion_acceptance,0.06986360030726364,12,2,True
Gemma-2-2B,last_token,21,authority_influence,mirroring,-0.00036962337140905295,12,8,False
Gemma-2-2B,last_token,21,delusion_acceptance,mirroring,0.49309607864419275,2,8,True
Gemma-2-2B,last_token,22,authority_influence,delusion_acceptance,0.0736351193498294,12,2,True
Gemma-2-2B,last_token,22,authority_influence,mirroring,-0.03719015631112333,12,8,False
Gemma-2-2B,last_token,22,delusion_acceptance,mirroring,0.4747965871257991,2,8,True
Gemma-2-2B,last_token,23,authority_influence,delusion_acceptance,0.07246148069110192,12,2,True
Gemma-2-2B,last_token,23,authority_influence,mirroring,-0.05640704270976284,12,8,False
Gemma-2-2B,last_token,23,delusion_acceptance,mirroring,0.4452795277869257,2,8,True
Gemma-2-2B,last_token,24,authority_influence,delusion_acceptance,0.04878080476528769,12,2,True
Gemma-2-2B,last_token,24,authority_influence,mirroring,-0.06418998833869446,12,8,False
Gemma-2-2B,last_token,24,delusion_acceptance,mirroring,0.5148861792537894,2,8,True
Gemma-2-2B,last_token,25,authority_influence,delusion_acceptance,0.030222699437886913,12,2,True
Gemma-2-2B,last_token,25,authority_influence,mirroring,-0.0606041821844634,12,8,False
Gemma-2-2B,last_token,25,delusion_acceptance,mirroring,0.4853153423857062,2,8,True
Gemma-2-2B,last_token,26,authority_influence,delusion_acceptance,0.07490938030426376,12,2,True
Gemma-2-2B,last_token,26,authority_influence,mirroring,-0.025237766544027675,12,8,False
Gemma-2-2B,last_token,26,delusion_acceptance,mirroring,0.4280696182255483,2,8,True
Gemma-2-2B,mean_pooled,0,authority_influence,delusion_acceptance,0.011394243211172795,12,2,True
Gemma-2-2B,mean_pooled,0,authority_influence,mirroring,-0.11956627305835542,12,8,False
Gemma-2-2B,mean_pooled,0,delusion_acceptance,mirroring,-0.03765950778077369,2,8,True
Gemma-2-2B,mean_pooled,1,authority_influence,delusion_acceptance,-0.02158217677966903,12,2,True
Gemma-2-2B,mean_pooled,1,authority_influence,mirroring,-0.11298205843697932,12,8,False
Gemma-2-2B,mean_pooled,1,delusion_acceptance,mirroring,-0.012850724963350574,2,8,True
Gemma-2-2B,mean_pooled,2,authority_influence,delusion_acceptance,-0.03230274572035396,12,2,True
Gemma-2-2B,mean_pooled,2,authority_influence,mirroring,-0.17085030223031142,12,8,False
Gemma-2-2B,mean_pooled,2,delusion_acceptance,mirroring,0.018796426032504043,2,8,True
Gemma-2-2B,mean_pooled,3,authority_influence,delusion_acceptance,-0.02184710047433081,12,2,True
Gemma-2-2B,mean_pooled,3,authority_influence,mirroring,-0.14457749017034516,12,8,False
Gemma-2-2B,mean_pooled,3,delusion_acceptance,mirroring,0.019908222025916893,2,8,True
Gemma-2-2B,mean_pooled,4,authority_influence,delusion_acceptance,0.001319944061471934,12,2,True
Gemma-2-2B,mean_pooled,4,authority_influence,mirroring,-0.15048310076332275,12,8,False
Gemma-2-2B,mean_pooled,4,delusion_acceptance,mirroring,0.004255755119433164,2,8,True
Gemma-2-2B,mean_pooled,5,authority_influence,delusion_acceptance,-0.010740681460363524,12,2,True
Gemma-2-2B,mean_pooled,5,authority_influence,mirroring,-0.13816798825383783,12,8,False
Gemma-2-2B,mean_pooled,5,delusion_acceptance,mirroring,0.041143700667916366,2,8,True
Gemma-2-2B,mean_pooled,6,authority_influence,delusion_acceptance,0.03291340838728472,12,2,True
Gemma-2-2B,mean_pooled,6,authority_influence,mirroring,-0.14990579521609002,12,8,False
Gemma-2-2B,mean_pooled,6,delusion_acceptance,mirroring,0.07905744950238486,2,8,True
Gemma-2-2B,mean_pooled,7,authority_influence,delusion_acceptance,-0.0053535599959843696,12,2,True
Gemma-2-2B,mean_pooled,7,authority_influence,mirroring,-0.22864536789947915,12,8,False
Gemma-2-2B,mean_pooled,7,delusion_acceptance,mirroring,0.12468765440118734,2,8,True
Gemma-2-2B,mean_pooled,8,authority_influence,delusion_acceptance,0.011638818265509075,12,2,True
Gemma-2-2B,mean_pooled,8,authority_influence,mirroring,-0.19883461328106303,12,8,False
Gemma-2-2B,mean_pooled,8,delusion_acceptance,mirroring,0.15079191420488494,2,8,True
Gemma-2-2B,mean_pooled,9,authority_influence,delusion_acceptance,0.05445800213796479,12,2,True
Gemma-2-2B,mean_pooled,9,authority_influence,mirroring,-0.28103216465996583,12,8,False
Gemma-2-2B,mean_pooled,9,delusion_acceptance,mirroring,0.07720104711807269,2,8,True
Gemma-2-2B,mean_pooled,10,authority_influence,delusion_acceptance,0.038122850649610344,12,2,True
Gemma-2-2B,mean_pooled,10,authority_influence,mirroring,-0.14112777024059175,12,8,False
Gemma-2-2B,mean_pooled,10,delusion_acceptance,mirroring,0.12808966908321798,2,8,True
Gemma-2-2B,mean_pooled,11,authority_influence,delusion_acceptance,0.07879960458614099,12,2,True
Gemma-2-2B,mean_pooled,11,authority_influence,mirroring,-0.1345670189162886,12,8,False
Gemma-2-2B,mean_pooled,11,delusion_acceptance,mirroring,0.1626555518218136,2,8,True
Gemma-2-2B,mean_pooled,12,authority_influence,delusion_acceptance,0.1269025781643135,12,2,True
Gemma-2-2B,mean_pooled,12,authority_influence,mirroring,-0.01552967577348258,12,8,False
Gemma-2-2B,mean_pooled,12,delusion_acceptance,mirroring,0.15236617592867052,2,8,True
Gemma-2-2B,mean_pooled,13,authority_influence,delusion_acceptance,0.07929913037217848,12,2,True
Gemma-2-2B,mean_pooled,13,authority_influence,mirroring,-0.15209080835286798,12,8,False
Gemma-2-2B,mean_pooled,13,delusion_acceptance,mirroring,0.14093557827635755,2,8,True
Gemma-2-2B,mean_pooled,14,authority_influence,delusion_acceptance,0.070942952576258,12,2,True
Gemma-2-2B,mean_pooled,14,authority_influence,mirroring,-0.13201696580129,12,8,False
Gemma-2-2B,mean_pooled,14,delusion_acceptance,mirroring,0.18633945572167443,2,8,True
Gemma-2-2B,mean_pooled,15,authority_influence,delusion_acceptance,0.09630103012102957,12,2,True
Gemma-2-2B,mean_pooled,15,authority_influence,mirroring,-0.14819404050809842,12,8,False
Gemma-2-2B,mean_pooled,15,delusion_acceptance,mirroring,0.10328904578581695,2,8,True
Gemma-2-2B,mean_pooled,16,authority_influence,delusion_acceptance,0.06894863203441867,12,2,True
Gemma-2-2B,mean_pooled,16,authority_influence,mirroring,-0.19724642699119513,12,8,False
Gemma-2-2B,mean_pooled,16,delusion_acceptance,mirroring,0.19005151998357966,2,8,True
Gemma-2-2B,mean_pooled,17,authority_influence,delusion_acceptance,0.06323932162039875,12,2,True
Gemma-2-2B,mean_pooled,17,authority_influence,mirroring,-0.08539745649551972,12,8,False
Gemma-2-2B,mean_pooled,17,delusion_acceptance,mirroring,0.16089156646956593,2,8,True
Gemma-2-2B,mean_pooled,18,authority_influence,delusion_acceptance,0.04178547871908751,12,2,True
Gemma-2-2B,mean_pooled,18,authority_influence,mirroring,-0.12941602958755624,12,8,False
Gemma-2-2B,mean_pooled,18,delusion_acceptance,mirroring,0.11973123168015525,2,8,True
Gemma-2-2B,mean_pooled,19,authority_influence,delusion_acceptance,0.02496309678539225,12,2,True
Gemma-2-2B,mean_pooled,19,authority_influence,mirroring,-0.1406612747784825,12,8,False
Gemma-2-2B,mean_pooled,19,delusion_acceptance,mirroring,0.15452161723966146,2,8,True
Gemma-2-2B,mean_pooled,20,authority_influence,delusion_acceptance,0.030789925056436237,12,2,True
Gemma-2-2B,mean_pooled,20,authority_influence,mirroring,-0.13347242286251892,12,8,False
Gemma-2-2B,mean_pooled,20,delusion_acceptance,mirroring,0.12339056705272208,2,8,True
Gemma-2-2B,mean_pooled,21,authority_influence,delusion_acceptance,0.031334783774774284,12,2,True
Gemma-2-2B,mean_pooled,21,authority_influence,mirroring,-0.10288028838630296,12,8,False
Gemma-2-2B,mean_pooled,21,delusion_acceptance,mirroring,0.11257606020814306,2,8,True
Gemma-2-2B,mean_pooled,22,authority_influence,delusion_acceptance,0.004410884900416862,12,2,True
Gemma-2-2B,mean_pooled,22,authority_influence,mirroring,-0.1275558203439195,12,8,False
Gemma-2-2B,mean_pooled,22,delusion_acceptance,mirroring,0.13339481923421762,2,8,True
Gemma-2-2B,mean_pooled,23,authority_influence,delusion_acceptance,0.025679981712722306,12,2,True
Gemma-2-2B,mean_pooled,23,authority_influence,mirroring,-0.08391471875929866,12,8,False
Gemma-2-2B,mean_pooled,23,delusion_acceptance,mirroring,0.1427095127448857,2,8,True
Gemma-2-2B,mean_pooled,24,authority_influence,delusion_acceptance,0.021324021718164138,12,2,True
Gemma-2-2B,mean_pooled,24,authority_influence,mirroring,-0.06559038542716165,12,8,False
Gemma-2-2B,mean_pooled,24,delusion_acceptance,mirroring,0.12986532403621653,2,8,True
Gemma-2-2B,mean_pooled,25,authority_influence,delusion_acceptance,0.035907941951276674,12,2,True
Gemma-2-2B,mean_pooled,25,authority_influence,mirroring,-0.05384756541331151,12,8,False
Gemma-2-2B,mean_pooled,25,delusion_acceptance,mirroring,0.19182646820350627,2,8,True
Gemma-2-2B,mean_pooled,26,authority_influence,delusion_acceptance,0.06851123673913659,12,2,True
Gemma-2-2B,mean_pooled,26,authority_influence,mirroring,0.051111616541357485,12,8,False
Gemma-2-2B,mean_pooled,26,delusion_acceptance,mirroring,0.10445639925513965,2,8,True
